DHT_ST4;;;
Kommentar einf�gen;;;
Date and Time;Batch Age;I: TempK;I: Druck X
DDD MMM D HH:MM:SS JJJJ;h;ﾰC;mbar
Fri Sep 30 01:54:23 2016;0,330556;27;1211,16
Fri Sep 30 01:54:28 2016;0,331944;24;1211,77
Fri Sep 30 01:54:33 2016;0,333333;25;1211,31
Fri Sep 30 01:54:38 2016;0,334722;25;1210,7
Fri Sep 30 01:54:43 2016;0,336111;26;1211,16
Fri Sep 30 01:54:48 2016;0,3375;26;1211,31
Fri Sep 30 01:54:53 2016;0,338889;25;1211,62
Fri Sep 30 01:54:58 2016;0,340278;25;1212,07
Fri Sep 30 01:55:03 2016;0,341667;26;1211,46
Fri Sep 30 01:55:08 2016;0,343056;24;1211,62
Fri Sep 30 01:55:13 2016;0,344444;24;1211,31
Fri Sep 30 01:55:18 2016;0,345833;24;1212,23
Fri Sep 30 01:55:23 2016;0,347222;25;1212,07
Fri Sep 30 01:55:28 2016;0,348611;27;1211,31
Fri Sep 30 01:55:33 2016;0,35;25;1211,77
Fri Sep 30 01:55:38 2016;0,351389;27;1212,38
Fri Sep 30 01:55:43 2016;0,352778;25;1211,92
Fri Sep 30 01:55:48 2016;0,354167;25;1211,92
Fri Sep 30 01:55:53 2016;0,355556;25;1211,62
Fri Sep 30 01:55:58 2016;0,356944;23;1211,62
Fri Sep 30 01:56:03 2016;0,358333;25;1211,62
Fri Sep 30 01:56:08 2016;0,359722;26;1211,77
Fri Sep 30 01:56:13 2016;0,361111;27;1211,77
Fri Sep 30 01:56:18 2016;0,3625;24;1212,07
Fri Sep 30 01:56:23 2016;0,363889;25;1211,46
Fri Sep 30 01:56:28 2016;0,365278;23;1210,39
Fri Sep 30 01:56:33 2016;0,366667;23;1210,09
Fri Sep 30 01:56:38 2016;0,368056;25;1211,31
Fri Sep 30 01:56:43 2016;0,369444;23;1209,02
Fri Sep 30 01:56:48 2016;0,370833;24;1210,39
Fri Sep 30 01:56:53 2016;0,372222;25;1210,24
Fri Sep 30 01:56:58 2016;0,373611;27;1211,01
Fri Sep 30 01:57:03 2016;0,375;26;1211,62
Fri Sep 30 01:57:08 2016;0,376389;27;1211,92
Fri Sep 30 01:57:13 2016;0,377778;24;1211,31
Fri Sep 30 01:57:18 2016;0,379167;25;1211,31
Fri Sep 30 01:57:23 2016;0,380556;26;1211,31
Fri Sep 30 01:57:28 2016;0,381944;27;1211,92
Fri Sep 30 01:57:33 2016;0,383333;27;1211,62
Fri Sep 30 01:57:38 2016;0,384722;24;1211,62
Fri Sep 30 01:57:43 2016;0,386111;23;1211,77
Fri Sep 30 01:57:48 2016;0,3875;23;1211,62
Fri Sep 30 01:57:53 2016;0,388889;25;1210,85
Fri Sep 30 01:57:58 2016;0,390278;26;1212,53
Fri Sep 30 01:58:03 2016;0,391667;27;1211,92
Fri Sep 30 01:58:08 2016;0,393056;23;1211,92
Fri Sep 30 01:58:13 2016;0,394444;25;1212,07
Fri Sep 30 01:58:18 2016;0,395833;25;1211,77
Fri Sep 30 01:58:23 2016;0,397222;26;1212,07
Fri Sep 30 01:58:28 2016;0,398611;23;1211,92
Fri Sep 30 01:58:33 2016;0,4;25;1211,62
Fri Sep 30 01:58:38 2016;0,401389;23;1211,31
Fri Sep 30 01:58:43 2016;0,402778;26;1211,46
Fri Sep 30 01:58:48 2016;0,404167;25;1211,46
Fri Sep 30 01:58:53 2016;0,405556;25;1211,16
Fri Sep 30 01:58:58 2016;0,406944;23;1211,92
Fri Sep 30 01:59:03 2016;0,408333;26;1212,38
Fri Sep 30 01:59:08 2016;0,409722;26;1212,23
Fri Sep 30 01:59:13 2016;0,411111;26;1211,62
Fri Sep 30 01:59:18 2016;0,4125;26;1211,46
Fri Sep 30 01:59:23 2016;0,413889;27;1211,62
Fri Sep 30 01:59:28 2016;0,415278;24;1211,62
Fri Sep 30 01:59:33 2016;0,416667;26;1211,16
Fri Sep 30 01:59:38 2016;0,418056;26;1211,01
Fri Sep 30 01:59:43 2016;0,419444;23;1211,62
Fri Sep 30 01:59:48 2016;0,420833;23;1210,85
Fri Sep 30 01:59:53 2016;0,422222;23;1211,46
Fri Sep 30 01:59:58 2016;0,423611;26;1211,16
Fri Sep 30 02:00:03 2016;0,425;23;1211,31
Fri Sep 30 02:00:08 2016;0,426389;23;1211,16
Fri Sep 30 02:00:13 2016;0,427778;23;1211,77
Fri Sep 30 02:00:18 2016;0,429167;24;1211,46
Fri Sep 30 02:00:23 2016;0,430556;23;1211,31
Fri Sep 30 02:00:28 2016;0,431944;26;1211,77
Fri Sep 30 02:00:33 2016;0,433333;27;1211,62
Fri Sep 30 02:00:38 2016;0,434722;23;1211,92
Fri Sep 30 02:00:43 2016;0,436111;26;1211,62
Fri Sep 30 02:00:48 2016;0,4375;25;1211,16
Fri Sep 30 02:00:53 2016;0,438889;25;1211,62
Fri Sep 30 02:00:58 2016;0,440278;24;1211,46
Fri Sep 30 02:01:03 2016;0,441667;25;1211,62
Fri Sep 30 02:01:08 2016;0,443056;23;1211,77
Fri Sep 30 02:01:13 2016;0,444444;25;1211,92
Fri Sep 30 02:01:18 2016;0,445833;24;1211,46
Fri Sep 30 02:01:23 2016;0,447222;25;1211,31
Fri Sep 30 02:01:28 2016;0,448611;23;1211,92
Fri Sep 30 02:01:33 2016;0,45;25;1211,31
Fri Sep 30 02:01:38 2016;0,451389;24;1211,31
Fri Sep 30 02:01:43 2016;0,452778;26;1210,7
Fri Sep 30 02:01:48 2016;0,454167;24;1211,62
Fri Sep 30 02:01:53 2016;0,455556;23;1211,31
Fri Sep 30 02:01:58 2016;0,456944;26;1211,31
Fri Sep 30 02:02:03 2016;0,458333;25;1211,31
Fri Sep 30 02:02:08 2016;0,459722;26;1211,46
Fri Sep 30 02:02:13 2016;0,461111;24;1211,01
Fri Sep 30 02:02:18 2016;0,4625;25;1211,16
Fri Sep 30 02:02:23 2016;0,463889;27;1211,31
Fri Sep 30 02:02:28 2016;0,465278;24;1211,77
Fri Sep 30 02:02:33 2016;0,466667;24;1211,01
Fri Sep 30 02:02:38 2016;0,468056;27;1210,39
Fri Sep 30 02:02:43 2016;0,469444;25;1211,46
Fri Sep 30 02:02:48 2016;0,470833;24;1211,31
Fri Sep 30 02:02:53 2016;0,472222;23;1211,16
Fri Sep 30 02:02:58 2016;0,473611;25;1211,31
Fri Sep 30 02:03:03 2016;0,475;27;1211,46
Fri Sep 30 02:03:08 2016;0,476389;27;1211,31
Fri Sep 30 02:03:13 2016;0,477778;26;1211,46
Fri Sep 30 02:03:18 2016;0,479167;26;1211,62
Fri Sep 30 02:03:23 2016;0,480556;24;1211,46
Fri Sep 30 02:03:28 2016;0,481944;23;1210,7
Fri Sep 30 02:03:33 2016;0,483333;23;1211,16
Fri Sep 30 02:03:38 2016;0,484722;27;1211,92
Fri Sep 30 02:03:43 2016;0,486111;24;1209,33
Fri Sep 30 02:03:48 2016;0,4875;26;1210,7
Fri Sep 30 02:03:53 2016;0,488889;24;1209,48
Fri Sep 30 02:03:58 2016;0,490278;27;1211,46
Fri Sep 30 02:04:03 2016;0,491667;26;1211,77
Fri Sep 30 02:04:08 2016;0,493056;26;1209,17
Fri Sep 30 02:04:13 2016;0,494444;23;1211,46
Fri Sep 30 02:04:18 2016;0,495833;24;1211,01
Fri Sep 30 02:04:23 2016;0,497222;27;1211,01
Fri Sep 30 02:04:28 2016;0,498611;23;1209,02
Fri Sep 30 02:04:33 2016;0,5;23;1209,78
Fri Sep 30 02:04:38 2016;0,501389;24;1209,33
Fri Sep 30 02:04:43 2016;0,502778;27;1211,01
Fri Sep 30 02:04:48 2016;0,504167;24;1211,31
Fri Sep 30 02:04:53 2016;0,505556;27;1212,07
Fri Sep 30 02:04:58 2016;0,506944;26;1211,62
Fri Sep 30 02:05:03 2016;0,508333;26;1211,46
Fri Sep 30 02:05:08 2016;0,509722;24;1211,01
Fri Sep 30 02:05:13 2016;0,511111;25;1209,63
Fri Sep 30 02:05:18 2016;0,5125;23;1211,62
Fri Sep 30 02:05:23 2016;0,513889;26;1211,62
Fri Sep 30 02:05:28 2016;0,515278;26;1211,77
Fri Sep 30 02:05:33 2016;0,516667;26;1210,39
Fri Sep 30 02:05:38 2016;0,518056;26;1211,77
Fri Sep 30 02:05:43 2016;0,519444;26;1209,94
Fri Sep 30 02:05:48 2016;0,520833;24;1210,55
Fri Sep 30 02:05:53 2016;0,522222;25;1209,33
Fri Sep 30 02:05:58 2016;0,523611;23;1209,02
Fri Sep 30 02:06:03 2016;0,525;25;1211,31
Fri Sep 30 02:06:08 2016;0,526389;25;1211,62
Fri Sep 30 02:06:13 2016;0,527778;27;1211,31
Fri Sep 30 02:06:18 2016;0,529167;26;1211,31
Fri Sep 30 02:06:23 2016;0,530556;24;1211,16
Fri Sep 30 02:06:28 2016;0,531944;23;1211,92
Fri Sep 30 02:06:33 2016;0,533333;26;1211,62
Fri Sep 30 02:06:38 2016;0,534722;23;1211,77
Fri Sep 30 02:06:43 2016;0,536111;27;1211,62
Fri Sep 30 02:06:48 2016;0,5375;26;1211,31
Fri Sep 30 02:06:53 2016;0,538889;25;1211,31
Fri Sep 30 02:06:58 2016;0,540278;26;1211,31
Fri Sep 30 02:07:03 2016;0,541667;26;1211,77
Fri Sep 30 02:07:08 2016;0,543056;25;1211,77
Fri Sep 30 02:07:13 2016;0,544444;23;1211,31
Fri Sep 30 02:07:18 2016;0,545833;25;1209,63
Fri Sep 30 02:07:23 2016;0,547222;26;1211,31
Fri Sep 30 02:07:28 2016;0,548611;23;1211,77
Fri Sep 30 02:07:33 2016;0,55;24;1211,92
Fri Sep 30 02:07:38 2016;0,551389;24;1211,62
Fri Sep 30 02:07:43 2016;0,552778;25;1211,46
Fri Sep 30 02:07:48 2016;0,554167;26;1211,62
Fri Sep 30 02:07:53 2016;0,555556;25;1211,16
Fri Sep 30 02:07:58 2016;0,556944;23;1211,46
Fri Sep 30 02:08:03 2016;0,558333;25;1211,62
Fri Sep 30 02:08:08 2016;0,559722;23;1211,01
Fri Sep 30 02:08:13 2016;0,561111;26;1210,55
Fri Sep 30 02:08:18 2016;0,5625;23;1209,17
Fri Sep 30 02:08:23 2016;0,563889;25;1211,31
Fri Sep 30 02:08:28 2016;0,565278;23;1211,62
Fri Sep 30 02:08:33 2016;0,566667;23;1211,92
Fri Sep 30 02:08:38 2016;0,568056;23;1211,46
Fri Sep 30 02:08:43 2016;0,569444;26;1211,46
Fri Sep 30 02:08:48 2016;0,570833;23;1212,07
Fri Sep 30 02:08:53 2016;0,572222;26;1211,62
Fri Sep 30 02:08:58 2016;0,573611;23;1211,16
Fri Sep 30 02:09:03 2016;0,575;24;1211,46
Fri Sep 30 02:09:08 2016;0,576389;25;1211,92
Fri Sep 30 02:09:13 2016;0,577778;23;1211,31
Fri Sep 30 02:09:18 2016;0,579167;23;1211,92
Fri Sep 30 02:09:23 2016;0,580556;23;1211,46
Fri Sep 30 02:09:28 2016;0,581944;25;1211,46
Fri Sep 30 02:09:33 2016;0,583333;27;1210,24
Fri Sep 30 02:09:38 2016;0,584722;27;1210,85
Fri Sep 30 02:09:43 2016;0,586111;27;1209,17
Fri Sep 30 02:09:48 2016;0,5875;23;1208,56
Fri Sep 30 02:09:53 2016;0,588889;25;1211,31
Fri Sep 30 02:09:58 2016;0,590278;26;1211,62
Fri Sep 30 02:10:03 2016;0,591667;23;1211,16
Fri Sep 30 02:10:08 2016;0,593056;26;1211,62
Fri Sep 30 02:10:13 2016;0,594444;23;1211,46
Fri Sep 30 02:10:18 2016;0,595833;25;1211,92
Fri Sep 30 02:10:23 2016;0,597222;25;1211,62
Fri Sep 30 02:10:28 2016;0,598611;25;1210,85
Fri Sep 30 02:10:33 2016;0,6;26;1211,16
Fri Sep 30 02:10:38 2016;0,601389;27;1211,31
Fri Sep 30 02:10:43 2016;0,602778;26;1211,31
Fri Sep 30 02:10:48 2016;0,604167;24;1211,62
Fri Sep 30 02:10:53 2016;0,605556;23;1211,46
Fri Sep 30 02:10:58 2016;0,606944;23;1210,39
Fri Sep 30 02:11:03 2016;0,608333;25;1211,62
Fri Sep 30 02:11:08 2016;0,609722;23;1211,92
Fri Sep 30 02:11:13 2016;0,611111;23;1211,16
Fri Sep 30 02:11:18 2016;0,6125;24;1211,01
Fri Sep 30 02:11:23 2016;0,613889;24;1211,31
Fri Sep 30 02:11:28 2016;0,615278;27;1210,7
Fri Sep 30 02:11:33 2016;0,616667;25;1211,31
Fri Sep 30 02:11:38 2016;0,618056;25;1211,62
Fri Sep 30 02:11:43 2016;0,619444;24;1211,31
Fri Sep 30 02:11:48 2016;0,620833;25;1211,62
Fri Sep 30 02:11:53 2016;0,622222;26;1211,92
Fri Sep 30 02:11:58 2016;0,623611;25;1211,46
Fri Sep 30 02:12:03 2016;0,625;27;1211,31
Fri Sep 30 02:12:08 2016;0,626389;25;1211,46
Fri Sep 30 02:12:13 2016;0,627778;24;1210,39
Fri Sep 30 02:12:18 2016;0,629167;27;1211,31
Fri Sep 30 02:12:23 2016;0,630556;25;1210,24
Fri Sep 30 02:12:28 2016;0,631944;26;1210,09
Fri Sep 30 02:12:33 2016;0,633333;25;1210,7
Fri Sep 30 02:12:38 2016;0,634722;26;1211,46
Fri Sep 30 02:12:43 2016;0,636111;24;1210,55
Fri Sep 30 02:12:48 2016;0,6375;25;1208,87
Fri Sep 30 02:12:53 2016;0,638889;23;1211,31
Fri Sep 30 02:12:58 2016;0,640278;27;1210,39
Fri Sep 30 02:13:03 2016;0,641667;23;1209,63
Fri Sep 30 02:13:08 2016;0,643056;26;1211,16
Fri Sep 30 02:13:13 2016;0,644444;26;1211,31
Fri Sep 30 02:13:18 2016;0,645833;27;1209,63
Fri Sep 30 02:13:23 2016;0,647222;23;1211,62
Fri Sep 30 02:13:28 2016;0,648611;26;1210,55
Fri Sep 30 02:13:33 2016;0,65;27;1209,94
Fri Sep 30 02:13:38 2016;0,651389;26;1211,46
Fri Sep 30 02:13:43 2016;0,652778;27;1209,63
Fri Sep 30 02:13:48 2016;0,654167;23;1210,24
Fri Sep 30 02:13:53 2016;0,655556;23;1209,17
Fri Sep 30 02:13:58 2016;0,656944;23;1211,77
Fri Sep 30 02:14:03 2016;0,658333;23;1209,33
Fri Sep 30 02:14:08 2016;0,659722;25;1210,85
Fri Sep 30 02:14:13 2016;0,661111;26;1211,01
Fri Sep 30 02:14:18 2016;0,6625;25;1210,24
Fri Sep 30 02:14:23 2016;0,663889;27;1210,24
Fri Sep 30 02:14:28 2016;0,665278;24;1209,63
Fri Sep 30 02:14:33 2016;0,666667;23;1210,24
Fri Sep 30 02:14:38 2016;0,668056;27;1208,87
Fri Sep 30 02:14:43 2016;0,669444;27;1209,78
Fri Sep 30 02:14:48 2016;0,670833;24;1209,17
Fri Sep 30 02:14:53 2016;0,672222;27;1210,24
Fri Sep 30 02:14:58 2016;0,673611;24;1209,63
Fri Sep 30 02:15:03 2016;0,675;23;1209,17
Fri Sep 30 02:15:08 2016;0,676389;25;1209,48
Fri Sep 30 02:15:13 2016;0,677778;23;1209,78
Fri Sep 30 02:15:18 2016;0,679167;25;1209,17
Fri Sep 30 02:15:23 2016;0,680556;23;1209,48
Fri Sep 30 02:15:28 2016;0,681944;24;1210,85
Fri Sep 30 02:15:33 2016;0,683333;24;1208,26
Fri Sep 30 02:15:38 2016;0,684722;23;1210,7
Fri Sep 30 02:15:43 2016;0,686111;23;1209,63
Fri Sep 30 02:15:48 2016;0,6875;27;1208,72
Fri Sep 30 02:15:53 2016;0,688889;27;1211,62
Fri Sep 30 02:15:58 2016;0,690278;23;1209,02
Fri Sep 30 02:16:03 2016;0,691667;26;1209,48
Fri Sep 30 02:16:08 2016;0,693056;27;1210,55
Fri Sep 30 02:16:13 2016;0,694444;27;1209,94
Fri Sep 30 02:16:18 2016;0,695833;26;1209,48
Fri Sep 30 02:16:23 2016;0,697222;23;1208,72
Fri Sep 30 02:16:28 2016;0,698611;27;1209,33
Fri Sep 30 02:16:33 2016;0,7;27;1209,63
Fri Sep 30 02:16:38 2016;0,701389;24;1208,11
Fri Sep 30 02:16:43 2016;0,702778;24;1209,02
Fri Sep 30 02:16:48 2016;0,704167;25;1209,02
Fri Sep 30 02:16:53 2016;0,705556;27;1208,56
Fri Sep 30 02:16:58 2016;0,706944;24;1209,78
Fri Sep 30 02:17:03 2016;0,708333;27;1209,63
Fri Sep 30 02:17:08 2016;0,709722;27;1209,63
Fri Sep 30 02:17:13 2016;0,711111;24;1209,33
Fri Sep 30 02:17:18 2016;0,7125;26;1210,09
Fri Sep 30 02:17:23 2016;0,713889;23;1210,39
Fri Sep 30 02:17:28 2016;0,715278;23;1209,78
Fri Sep 30 02:17:33 2016;0,716667;23;1208,56
Fri Sep 30 02:17:38 2016;0,718056;23;1208,56
Fri Sep 30 02:17:43 2016;0,719444;25;1208,87
Fri Sep 30 02:17:48 2016;0,720833;23;1209,02
Fri Sep 30 02:17:53 2016;0,722222;26;1208,72
Fri Sep 30 02:17:58 2016;0,723611;26;1209,94
Fri Sep 30 02:18:03 2016;0,725;24;1209,94
Fri Sep 30 02:18:08 2016;0,726389;27;1208,56
Fri Sep 30 02:18:13 2016;0,727778;26;1209,48
Fri Sep 30 02:18:18 2016;0,729167;24;1209,63
Fri Sep 30 02:18:23 2016;0,730556;27;1209,63
Fri Sep 30 02:18:28 2016;0,731944;26;1208,72
Fri Sep 30 02:18:33 2016;0,733333;25;1208,41
Fri Sep 30 02:18:38 2016;0,734722;26;1208,72
Fri Sep 30 02:18:43 2016;0,736111;26;1209,94
Fri Sep 30 02:18:48 2016;0,7375;25;1212,53
Fri Sep 30 02:18:53 2016;0,738889;24;1211,77
Fri Sep 30 02:18:58 2016;0,740278;27;1210,85
Fri Sep 30 02:19:03 2016;0,741667;24;1210,55
Fri Sep 30 02:19:08 2016;0,743056;24;1210,7
Fri Sep 30 02:19:13 2016;0,744444;23;1208,56
Fri Sep 30 02:19:18 2016;0,745833;26;1208,56
Fri Sep 30 02:19:23 2016;0,747222;27;1208,72
Fri Sep 30 02:19:28 2016;0,748611;27;1209,33
Fri Sep 30 02:19:33 2016;0,75;23;1209,33
Fri Sep 30 02:19:38 2016;0,751389;26;1209,33
Fri Sep 30 02:19:43 2016;0,752778;26;1209,02
Fri Sep 30 02:19:48 2016;0,754167;24;1208,72
Fri Sep 30 02:19:53 2016;0,755556;25;1208,72
Fri Sep 30 02:19:58 2016;0,756944;27;1209,33
Fri Sep 30 02:20:03 2016;0,758333;25;1208,87
Fri Sep 30 02:20:08 2016;0,759722;26;1209,63
Fri Sep 30 02:20:13 2016;0,761111;23;1209,17
Fri Sep 30 02:20:18 2016;0,7625;23;1208,87
Fri Sep 30 02:20:23 2016;0,763889;27;1210,39
Fri Sep 30 02:20:28 2016;0,765278;26;1210,24
Fri Sep 30 02:20:33 2016;0,766667;26;1209,17
Fri Sep 30 02:20:38 2016;0,768056;23;1209,02
Fri Sep 30 02:20:43 2016;0,769444;26;1208,87
Fri Sep 30 02:20:48 2016;0,770833;25;1208,41
Fri Sep 30 02:20:53 2016;0,772222;25;1211,16
Fri Sep 30 02:20:58 2016;0,773611;25;1208,56
Fri Sep 30 02:21:03 2016;0,775;23;1208,56
Fri Sep 30 02:21:08 2016;0,776389;23;1209,17
Fri Sep 30 02:21:13 2016;0,777778;23;1210,7
Fri Sep 30 02:21:18 2016;0,779167;27;1209,94
Fri Sep 30 02:21:23 2016;0,780556;25;1209,78
Fri Sep 30 02:21:28 2016;0,781944;25;1211,77
Fri Sep 30 02:21:33 2016;0,783333;26;1209,02
Fri Sep 30 02:21:38 2016;0,784722;27;1209,02
Fri Sep 30 02:21:43 2016;0,786111;26;1209,48
Fri Sep 30 02:21:48 2016;0,7875;26;1208,41
Fri Sep 30 02:21:53 2016;0,788889;26;1209,17
Fri Sep 30 02:21:58 2016;0,790278;25;1210,85
Fri Sep 30 02:22:03 2016;0,791667;26;1208,87
Fri Sep 30 02:22:08 2016;0,793056;26;1211,31
Fri Sep 30 02:22:13 2016;0,794444;24;1208,72
Fri Sep 30 02:22:18 2016;0,795833;25;1208,72
Fri Sep 30 02:22:23 2016;0,797222;23;1210,85
Fri Sep 30 02:22:28 2016;0,798611;27;1211,77
Fri Sep 30 02:22:33 2016;0,8;24;1208,72
Fri Sep 30 02:22:38 2016;0,801389;25;1209,17
Fri Sep 30 02:22:43 2016;0,802778;25;1211,46
Fri Sep 30 02:22:48 2016;0,804167;24;1209,78
Fri Sep 30 02:22:53 2016;0,805556;25;1211,16
Fri Sep 30 02:22:58 2016;0,806944;24;1209,33
Fri Sep 30 02:23:03 2016;0,808333;27;1209,02
Fri Sep 30 02:23:08 2016;0,809722;24;1211,16
Fri Sep 30 02:23:13 2016;0,811111;25;1211,46
Fri Sep 30 02:23:18 2016;0,8125;26;1209,02
Fri Sep 30 02:23:23 2016;0,813889;26;1210,85
Fri Sep 30 02:23:28 2016;0,815278;23;1209,17
Fri Sep 30 02:23:33 2016;0,816667;23;1208,87
Fri Sep 30 02:23:38 2016;0,818056;27;1208,87
Fri Sep 30 02:23:43 2016;0,819444;23;1208,56
Fri Sep 30 02:23:48 2016;0,820833;24;1208,87
Fri Sep 30 02:23:53 2016;0,822222;26;1209,48
Fri Sep 30 02:23:58 2016;0,823611;26;1208,72
Fri Sep 30 02:24:03 2016;0,825;27;1211,62
Fri Sep 30 02:24:08 2016;0,826389;24;1210,7
Fri Sep 30 02:24:13 2016;0,827778;26;1210,7
Fri Sep 30 02:24:18 2016;0,829167;26;1211,16
Fri Sep 30 02:24:23 2016;0,830556;23;1209,02
Fri Sep 30 02:24:28 2016;0,831944;24;1209,94
Fri Sep 30 02:24:33 2016;0,833333;24;1208,87
Fri Sep 30 02:24:38 2016;0,834722;27;1208,87
Fri Sep 30 02:24:43 2016;0,836111;27;1208,56
Fri Sep 30 02:24:48 2016;0,8375;25;1208,87
Fri Sep 30 02:24:53 2016;0,838889;24;1209,02
Fri Sep 30 02:24:58 2016;0,840278;27;1209,48
Fri Sep 30 02:25:03 2016;0,841667;24;1208,72
Fri Sep 30 02:25:08 2016;0,843056;25;1208,56
Fri Sep 30 02:25:13 2016;0,844444;25;1208,41
Fri Sep 30 02:25:18 2016;0,845833;27;1209,02
Fri Sep 30 02:25:23 2016;0,847222;27;1210,7
Fri Sep 30 02:25:28 2016;0,848611;23;1210,55
Fri Sep 30 02:25:33 2016;0,85;23;1209,78
Fri Sep 30 02:25:38 2016;0,851389;27;1209,17
Fri Sep 30 02:25:43 2016;0,852778;24;1208,87
Fri Sep 30 02:25:48 2016;0,854167;25;1208,72
Fri Sep 30 02:25:53 2016;0,855556;25;1208,72
Fri Sep 30 02:25:58 2016;0,856944;27;1209,94
Fri Sep 30 02:26:03 2016;0,858333;26;1208,56
Fri Sep 30 02:26:08 2016;0,859722;25;1208,87
Fri Sep 30 02:26:13 2016;0,861111;26;1208,72
Fri Sep 30 02:26:18 2016;0,8625;27;1208,87
Fri Sep 30 02:26:23 2016;0,863889;27;1208,72
Fri Sep 30 02:26:28 2016;0,865278;25;1207,95
Fri Sep 30 02:26:33 2016;0,866667;25;1209,17
Fri Sep 30 02:26:38 2016;0,868056;26;1211,01
Fri Sep 30 02:26:43 2016;0,869444;27;1208,56
Fri Sep 30 02:26:48 2016;0,870833;23;1208,87
Fri Sep 30 02:26:53 2016;0,872222;24;1209,33
Fri Sep 30 02:26:58 2016;0,873611;27;1209,17
Fri Sep 30 02:27:03 2016;0,875;25;1210,39
Fri Sep 30 02:27:08 2016;0,876389;25;1208,87
Fri Sep 30 02:27:13 2016;0,877778;27;1208,87
Fri Sep 30 02:27:18 2016;0,879167;25;1209,78
Fri Sep 30 02:27:23 2016;0,880556;23;1209,17
Fri Sep 30 02:27:28 2016;0,881944;23;1210,24
Fri Sep 30 02:27:33 2016;0,883333;25;1209,02
Fri Sep 30 02:27:38 2016;0,884722;24;1208,72
Fri Sep 30 02:27:43 2016;0,886111;26;1208,87
Fri Sep 30 02:27:48 2016;0,8875;27;1209,33
Fri Sep 30 02:27:53 2016;0,888889;23;1209,17
Fri Sep 30 02:27:58 2016;0,890278;25;1209,17
Fri Sep 30 02:28:03 2016;0,891667;27;1208,87
Fri Sep 30 02:28:08 2016;0,893056;24;1209,02
Fri Sep 30 02:28:13 2016;0,894444;24;1208,72
Fri Sep 30 02:28:18 2016;0,895833;24;1208,72
Fri Sep 30 02:28:23 2016;0,897222;27;1208,72
Fri Sep 30 02:28:28 2016;0,898611;26;1209,02
Fri Sep 30 02:28:33 2016;0,9;23;1209,94
Fri Sep 30 02:28:38 2016;0,901389;25;1208,56
Fri Sep 30 02:28:43 2016;0,902778;23;1208,87
Fri Sep 30 02:28:48 2016;0,904167;27;1208,72
Fri Sep 30 02:28:53 2016;0,905556;24;1210,09
Fri Sep 30 02:28:58 2016;0,906944;27;1209,94
Fri Sep 30 02:29:03 2016;0,908333;25;1208,26
Fri Sep 30 02:29:08 2016;0,909722;27;1209,33
Fri Sep 30 02:29:13 2016;0,911111;26;1208,87
Fri Sep 30 02:29:18 2016;0,9125;24;1209,33
Fri Sep 30 02:29:23 2016;0,913889;23;1210,39
Fri Sep 30 02:29:28 2016;0,915278;27;1208,72
Fri Sep 30 02:29:33 2016;0,916667;24;1209,02
Fri Sep 30 02:29:38 2016;0,918056;25;1210,09
Fri Sep 30 02:29:43 2016;0,919444;25;1209,48
Fri Sep 30 02:29:48 2016;0,920833;23;1209,02
Fri Sep 30 02:29:53 2016;0,922222;27;1208,56
Fri Sep 30 02:29:58 2016;0,923611;25;1209,17
Fri Sep 30 02:30:03 2016;0,925;23;1208,87
Fri Sep 30 02:30:08 2016;0,926389;25;1210,85
Fri Sep 30 02:30:13 2016;0,927778;26;1211,31
Fri Sep 30 02:30:18 2016;0,929167;26;1209,02
Fri Sep 30 02:30:23 2016;0,930556;24;1209,78
Fri Sep 30 02:30:28 2016;0,931944;27;1211,16
Fri Sep 30 02:30:33 2016;0,933333;23;1211,62
Fri Sep 30 02:30:38 2016;0,934722;24;1209,02
Fri Sep 30 02:30:43 2016;0,936111;24;1208,56
Fri Sep 30 02:30:48 2016;0,9375;25;1208,72
Fri Sep 30 02:30:53 2016;0,938889;26;1208,87
Fri Sep 30 02:30:58 2016;0,940278;23;1209,48
Fri Sep 30 02:31:03 2016;0,941667;23;1208,11
Fri Sep 30 02:31:08 2016;0,943056;27;1208,87
Fri Sep 30 02:31:13 2016;0,944444;25;1209,48
Fri Sep 30 02:31:18 2016;0,945833;24;1208,87
Fri Sep 30 02:31:23 2016;0,947222;26;1208,41
Fri Sep 30 02:31:28 2016;0,948611;27;1208,56
Fri Sep 30 02:31:33 2016;0,95;24;1208,56
Fri Sep 30 02:31:38 2016;0,951389;23;1209,17
Fri Sep 30 02:31:43 2016;0,952778;26;1211,46
Fri Sep 30 02:31:48 2016;0,954167;27;1208,72
Fri Sep 30 02:31:53 2016;0,955556;25;1210,85
Fri Sep 30 02:31:58 2016;0,956944;26;1208,87
Fri Sep 30 02:32:03 2016;0,958333;27;1209,02
Fri Sep 30 02:32:08 2016;0,959722;26;1208,26
Fri Sep 30 02:32:13 2016;0,961111;23;1208,56
Fri Sep 30 02:32:18 2016;0,9625;24;1209,02
Fri Sep 30 02:32:23 2016;0,963889;26;1208,87
Fri Sep 30 02:32:28 2016;0,965278;23;1209,02
Fri Sep 30 02:32:33 2016;0,966667;26;1211,31
Fri Sep 30 02:32:38 2016;0,968056;27;1209,17
Fri Sep 30 02:32:43 2016;0,969444;25;1209,94
Fri Sep 30 02:32:48 2016;0,970833;25;1211,92
Fri Sep 30 02:32:53 2016;0,972222;26;1209,63
Fri Sep 30 02:32:58 2016;0,973611;27;1211,62
Fri Sep 30 02:33:03 2016;0,975;25;1208,72
Fri Sep 30 02:33:08 2016;0,976389;27;1208,72
Fri Sep 30 02:33:13 2016;0,977778;24;1208,41
Fri Sep 30 02:33:18 2016;0,979167;26;1208,72
Fri Sep 30 02:33:23 2016;0,980556;24;1209,02
Fri Sep 30 02:33:28 2016;0,981944;27;1208,26
Fri Sep 30 02:33:33 2016;0,983333;26;1208,72
Fri Sep 30 02:33:38 2016;0,984722;25;1210,39
Fri Sep 30 02:33:43 2016;0,986111;26;1209,94
Fri Sep 30 02:33:48 2016;0,9875;24;1209,33
Fri Sep 30 02:33:53 2016;0,988889;26;1211,16
Fri Sep 30 02:33:58 2016;0,990278;25;1209,17
Fri Sep 30 02:34:03 2016;0,991667;23;1209,78
Fri Sep 30 02:34:08 2016;0,993056;27;1209,94
Fri Sep 30 02:34:13 2016;0,994444;26;1210,85
Fri Sep 30 02:34:18 2016;0,995833;27;1208,87
Fri Sep 30 02:34:23 2016;0,997222;26;1209,17
Fri Sep 30 02:34:28 2016;0,998611;23;1209,63
Fri Sep 30 02:34:33 2016;1;25;1208,87
Fri Sep 30 02:34:38 2016;1,00139;26;1209,78
Fri Sep 30 02:34:43 2016;1,00278;26;1211,46
Fri Sep 30 02:34:48 2016;1,00417;26;1209,02
Fri Sep 30 02:34:53 2016;1,00556;27;1210,39
Fri Sep 30 02:34:58 2016;1,00694;25;1208,87
Fri Sep 30 02:35:03 2016;1,00833;27;1209,94
Fri Sep 30 02:35:08 2016;1,00972;25;1209,02
Fri Sep 30 02:35:13 2016;1,01111;25;1209,02
Fri Sep 30 02:35:18 2016;1,0125;25;1210,09
Fri Sep 30 02:35:23 2016;1,01389;27;1211,16
Fri Sep 30 02:35:28 2016;1,01528;23;1211,46
Fri Sep 30 02:35:33 2016;1,01667;25;1210,7
Fri Sep 30 02:35:38 2016;1,01806;24;1209,17
Fri Sep 30 02:35:43 2016;1,01944;23;1209,17
Fri Sep 30 02:35:48 2016;1,02083;26;1208,56
Fri Sep 30 02:35:53 2016;1,02222;23;1209,17
Fri Sep 30 02:35:58 2016;1,02361;24;1209,02
Fri Sep 30 02:36:03 2016;1,025;25;1209,78
Fri Sep 30 02:36:08 2016;1,02639;27;1210,39
Fri Sep 30 02:36:13 2016;1,02778;26;1208,56
Fri Sep 30 02:36:18 2016;1,02917;24;1211,46
Fri Sep 30 02:36:23 2016;1,03056;23;1208,72
Fri Sep 30 02:36:28 2016;1,03194;25;1209,17
Fri Sep 30 02:36:33 2016;1,03333;26;1209,02
Fri Sep 30 02:36:38 2016;1,03472;24;1210,39
Fri Sep 30 02:36:43 2016;1,03611;24;1208,87
Fri Sep 30 02:36:48 2016;1,0375;24;1209,17
Fri Sep 30 02:36:53 2016;1,03889;23;1208,26
Fri Sep 30 02:36:58 2016;1,04028;23;1209,78
Fri Sep 30 02:37:03 2016;1,04167;25;1210,09
Fri Sep 30 02:37:08 2016;1,04306;26;1209,17
Fri Sep 30 02:37:13 2016;1,04444;26;1210,09
Fri Sep 30 02:37:18 2016;1,04583;24;1208,41
Fri Sep 30 02:37:23 2016;1,04722;25;1209,78
Fri Sep 30 02:37:28 2016;1,04861;25;1209,63
Fri Sep 30 02:37:33 2016;1,05;26;1210,24
Fri Sep 30 02:37:38 2016;1,05139;24;1211,16
Fri Sep 30 02:37:43 2016;1,05278;23;1209,63
Fri Sep 30 02:37:48 2016;1,05417;23;1209,33
Fri Sep 30 02:37:53 2016;1,05556;27;1209,02
Fri Sep 30 02:37:58 2016;1,05694;23;1209,48
Fri Sep 30 02:38:03 2016;1,05833;24;1208,72
Fri Sep 30 02:38:08 2016;1,05972;24;1209,02
Fri Sep 30 02:38:13 2016;1,06111;25;1210,55
Fri Sep 30 02:38:18 2016;1,0625;24;1210,09
Fri Sep 30 02:38:23 2016;1,06389;27;1210,7
Fri Sep 30 02:38:28 2016;1,06528;25;1211,16
Fri Sep 30 02:38:33 2016;1,06667;26;1209,94
Fri Sep 30 02:38:38 2016;1,06806;25;1210,24
Fri Sep 30 02:38:43 2016;1,06944;24;1209,02
Fri Sep 30 02:38:48 2016;1,07083;24;1209,48
Fri Sep 30 02:38:53 2016;1,07222;27;1208,56
Fri Sep 30 02:38:58 2016;1,07361;25;1209,63
Fri Sep 30 02:39:03 2016;1,075;26;1208,87
Fri Sep 30 02:39:08 2016;1,07639;25;1209,48
Fri Sep 30 02:39:13 2016;1,07778;27;1208,87
Fri Sep 30 02:39:18 2016;1,07917;23;1209,02
Fri Sep 30 02:39:23 2016;1,08056;27;1209,17
Fri Sep 30 02:39:28 2016;1,08194;23;1208,41
Fri Sep 30 02:39:33 2016;1,08333;23;1208,72
Fri Sep 30 02:39:38 2016;1,08472;25;1209,33
Fri Sep 30 02:39:43 2016;1,08611;26;1208,72
Fri Sep 30 02:39:48 2016;1,0875;27;1208,56
Fri Sep 30 02:39:53 2016;1,08889;26;1209,48
Fri Sep 30 02:39:58 2016;1,09028;24;1208,26
Fri Sep 30 02:40:03 2016;1,09167;25;1209,33
Fri Sep 30 02:40:08 2016;1,09306;24;1208,87
Fri Sep 30 02:40:13 2016;1,09444;26;1208,72
Fri Sep 30 02:40:18 2016;1,09583;25;1209,17
Fri Sep 30 02:40:23 2016;1,09722;25;1208,87
Fri Sep 30 02:40:28 2016;1,09861;25;1209,48
Fri Sep 30 02:40:33 2016;1,1;25;1208,87
Fri Sep 30 02:40:38 2016;1,10139;26;1208,72
Fri Sep 30 02:40:43 2016;1,10278;26;1209,17
Fri Sep 30 02:40:48 2016;1,10417;23;1208,56
Fri Sep 30 02:40:53 2016;1,10556;27;1208,26
Fri Sep 30 02:40:58 2016;1,10694;26;1209,17
Fri Sep 30 02:41:03 2016;1,10833;25;1208,72
Fri Sep 30 02:41:08 2016;1,10972;26;1209,17
Fri Sep 30 02:41:13 2016;1,11111;24;1209,33
Fri Sep 30 02:41:18 2016;1,1125;27;1209,33
Fri Sep 30 02:41:23 2016;1,11389;27;1208,72
Fri Sep 30 02:41:28 2016;1,11528;23;1208,72
Fri Sep 30 02:41:33 2016;1,11667;25;1208,72
Fri Sep 30 02:41:38 2016;1,11806;26;1208,72
Fri Sep 30 02:41:43 2016;1,11944;26;1208,72
Fri Sep 30 02:41:48 2016;1,12083;24;1208,26
Fri Sep 30 02:41:53 2016;1,12222;26;1208,87
Fri Sep 30 02:41:58 2016;1,12361;26;1209,17
Fri Sep 30 02:42:03 2016;1,125;24;1208,41
Fri Sep 30 02:42:08 2016;1,12639;27;1208,72
Fri Sep 30 02:42:13 2016;1,12778;24;1209,02
Fri Sep 30 02:42:18 2016;1,12917;23;1208,56
Fri Sep 30 02:42:23 2016;1,13056;26;1208,56
Fri Sep 30 02:42:28 2016;1,13194;27;1208,87
Fri Sep 30 02:42:33 2016;1,13333;25;1209,17
Fri Sep 30 02:42:38 2016;1,13472;23;1209,02
Fri Sep 30 02:42:43 2016;1,13611;24;1208,56
Fri Sep 30 02:42:48 2016;1,1375;23;1209,17
Fri Sep 30 02:42:53 2016;1,13889;26;1208,26
Fri Sep 30 02:42:58 2016;1,14028;26;1208,72
Fri Sep 30 02:43:03 2016;1,14167;25;1208,72
Fri Sep 30 02:43:08 2016;1,14306;24;1208,87
Fri Sep 30 02:43:13 2016;1,14444;25;1208,72
Fri Sep 30 02:43:18 2016;1,14583;24;1209,17
Fri Sep 30 02:43:23 2016;1,14722;24;1209,02
Fri Sep 30 02:43:28 2016;1,14861;25;1208,72
Fri Sep 30 02:43:33 2016;1,15;23;1208,72
Fri Sep 30 02:43:38 2016;1,15139;27;1209,02
Fri Sep 30 02:43:43 2016;1,15278;23;1209,02
Fri Sep 30 02:43:48 2016;1,15417;24;1208,41
Fri Sep 30 02:43:53 2016;1,15556;26;1209,02
Fri Sep 30 02:43:58 2016;1,15694;23;1209,02
Fri Sep 30 02:44:03 2016;1,15833;25;1208,87
Fri Sep 30 02:44:08 2016;1,15972;23;1208,41
Fri Sep 30 02:44:13 2016;1,16111;26;1208,72
Fri Sep 30 02:44:18 2016;1,1625;24;1208,72
Fri Sep 30 02:44:23 2016;1,16389;25;1208,72
Fri Sep 30 02:44:28 2016;1,16528;25;1208,72
Fri Sep 30 02:44:33 2016;1,16667;23;1208,72
Fri Sep 30 02:44:38 2016;1,16806;27;1208,87
Fri Sep 30 02:44:43 2016;1,16944;25;1209,02
Fri Sep 30 02:44:48 2016;1,17083;24;1208,41
Fri Sep 30 02:44:53 2016;1,17222;23;1208,87
Fri Sep 30 02:44:58 2016;1,17361;24;1208,72
Fri Sep 30 02:45:03 2016;1,175;23;1209,02
Fri Sep 30 02:45:08 2016;1,17639;25;1208,72
Fri Sep 30 02:45:13 2016;1,17778;25;1208,87
Fri Sep 30 02:45:18 2016;1,17917;24;1209,17
Fri Sep 30 02:45:23 2016;1,18056;25;1209,02
Fri Sep 30 02:45:28 2016;1,18194;23;1209,02
Fri Sep 30 02:45:33 2016;1,18333;23;1208,56
Fri Sep 30 02:45:38 2016;1,18472;23;1208,72
Fri Sep 30 02:45:43 2016;1,18611;24;1208,72
Fri Sep 30 02:45:48 2016;1,1875;26;1208,72
Fri Sep 30 02:45:53 2016;1,18889;25;1208,56
Fri Sep 30 02:45:58 2016;1,19028;26;1208,41
Fri Sep 30 02:46:03 2016;1,19167;23;1208,87
Fri Sep 30 02:46:08 2016;1,19306;25;1209,17
Fri Sep 30 02:46:13 2016;1,19444;25;1208,41
Fri Sep 30 02:46:18 2016;1,19583;24;1209,02
Fri Sep 30 02:46:23 2016;1,19722;27;1208,72
Fri Sep 30 02:46:28 2016;1,19861;24;1209,02
Fri Sep 30 02:46:33 2016;1,2;24;1209,02
Fri Sep 30 02:46:38 2016;1,20139;25;1208,56
Fri Sep 30 02:46:43 2016;1,20278;25;1208,72
Fri Sep 30 02:46:48 2016;1,20417;23;1208,56
Fri Sep 30 02:46:53 2016;1,20556;26;1209,02
Fri Sep 30 02:46:58 2016;1,20694;27;1209,02
Fri Sep 30 02:47:03 2016;1,20833;26;1208,87
Fri Sep 30 02:47:08 2016;1,20972;26;1209,17
Fri Sep 30 02:47:13 2016;1,21111;26;1209,02
Fri Sep 30 02:47:18 2016;1,2125;23;1208,87
Fri Sep 30 02:47:23 2016;1,21389;27;1209,48
Fri Sep 30 02:47:28 2016;1,21528;26;1208,72
Fri Sep 30 02:47:33 2016;1,21667;24;1208,72
Fri Sep 30 02:47:38 2016;1,21806;23;1208,56
Fri Sep 30 02:47:43 2016;1,21944;24;1208,41
Fri Sep 30 02:47:48 2016;1,22083;27;1209,17
Fri Sep 30 02:47:53 2016;1,22222;25;1209,02
Fri Sep 30 02:47:58 2016;1,22361;26;1208,56
Fri Sep 30 02:48:03 2016;1,225;27;1208,72
Fri Sep 30 02:48:08 2016;1,22639;25;1208,56
Fri Sep 30 02:48:13 2016;1,22778;26;1208,26
Fri Sep 30 02:48:18 2016;1,22917;24;1208,87
Fri Sep 30 02:48:23 2016;1,23056;24;1208,87
Fri Sep 30 02:48:28 2016;1,23194;23;1208,87
Fri Sep 30 02:48:33 2016;1,23333;27;1209,02
Fri Sep 30 02:48:38 2016;1,23472;24;1208,72
Fri Sep 30 02:48:43 2016;1,23611;26;1209,02
Fri Sep 30 02:48:48 2016;1,2375;24;1208,56
Fri Sep 30 02:48:53 2016;1,23889;26;1208,72
Fri Sep 30 02:48:58 2016;1,24028;25;1208,41
Fri Sep 30 02:49:03 2016;1,24167;25;1209,17
Fri Sep 30 02:49:08 2016;1,24306;27;1208,72
Fri Sep 30 02:49:13 2016;1,24444;27;1208,87
Fri Sep 30 02:49:18 2016;1,24583;27;1208,72
Fri Sep 30 02:49:23 2016;1,24722;23;1208,72
Fri Sep 30 02:49:28 2016;1,24861;26;1208,26
Fri Sep 30 02:49:33 2016;1,25;27;1209,02
Fri Sep 30 02:49:38 2016;1,25139;26;1209,02
Fri Sep 30 02:49:43 2016;1,25278;24;1208,72
Fri Sep 30 02:49:48 2016;1,25417;25;1208,72
Fri Sep 30 02:49:53 2016;1,25556;27;1208,41
Fri Sep 30 02:49:58 2016;1,25694;24;1208,56
Fri Sep 30 02:50:03 2016;1,25833;24;1208,41
Fri Sep 30 02:50:08 2016;1,25972;24;1208,87
Fri Sep 30 02:50:13 2016;1,26111;25;1209,33
Fri Sep 30 02:50:18 2016;1,2625;25;1208,72
Fri Sep 30 02:50:23 2016;1,26389;23;1209,02
Fri Sep 30 02:50:28 2016;1,26528;27;1208,87
Fri Sep 30 02:50:33 2016;1,26667;24;1208,56
Fri Sep 30 02:50:38 2016;1,26806;23;1208,56
Fri Sep 30 02:50:43 2016;1,26944;25;1208,26
Fri Sep 30 02:50:48 2016;1,27083;23;1208,87
Fri Sep 30 02:50:53 2016;1,27222;24;1208,56
Fri Sep 30 02:50:58 2016;1,27361;26;1208,72
Fri Sep 30 02:51:03 2016;1,275;24;1208,87
Fri Sep 30 02:51:08 2016;1,27639;23;1208,72
Fri Sep 30 02:51:13 2016;1,27778;23;1208,26
Fri Sep 30 02:51:18 2016;1,27917;27;1209,02
Fri Sep 30 02:51:23 2016;1,28056;24;1208,87
Fri Sep 30 02:51:28 2016;1,28194;26;1209,02
Fri Sep 30 02:51:33 2016;1,28333;25;1209,02
Fri Sep 30 02:51:38 2016;1,28472;27;1208,72
Fri Sep 30 02:51:43 2016;1,28611;26;1208,87
Fri Sep 30 02:51:48 2016;1,2875;24;1208,11
Fri Sep 30 02:51:53 2016;1,28889;27;1208,72
Fri Sep 30 02:51:58 2016;1,29028;27;1208,56
Fri Sep 30 02:52:03 2016;1,29167;23;1208,87
Fri Sep 30 02:52:08 2016;1,29306;26;1208,41
Fri Sep 30 02:52:13 2016;1,29444;26;1208,87
Fri Sep 30 02:52:18 2016;1,29583;24;1209,02
Fri Sep 30 02:52:23 2016;1,29722;24;1209,17
Fri Sep 30 02:52:28 2016;1,29861;25;1208,56
Fri Sep 30 02:52:33 2016;1,3;26;1208,26
Fri Sep 30 02:52:38 2016;1,30139;25;1208,41
Fri Sep 30 02:52:43 2016;1,30278;27;1208,72
Fri Sep 30 02:52:48 2016;1,30417;23;1208,87
Fri Sep 30 02:52:53 2016;1,30556;23;1208,72
Fri Sep 30 02:52:58 2016;1,30694;23;1208,41
Fri Sep 30 02:53:03 2016;1,30833;23;1208,72
Fri Sep 30 02:53:08 2016;1,30972;25;1209,94
Fri Sep 30 02:53:13 2016;1,31111;23;1209,17
Fri Sep 30 02:53:18 2016;1,3125;25;1209,94
Fri Sep 30 02:53:23 2016;1,31389;25;1208,56
Fri Sep 30 02:53:28 2016;1,31528;24;1210,24
Fri Sep 30 02:53:33 2016;1,31667;24;1208,87
Fri Sep 30 02:53:38 2016;1,31806;26;1208,87
Fri Sep 30 02:53:43 2016;1,31944;25;1208,56
Fri Sep 30 02:53:48 2016;1,32083;24;1208,56
Fri Sep 30 02:53:53 2016;1,32222;26;1208,11
Fri Sep 30 02:53:58 2016;1,32361;27;1208,41
Fri Sep 30 02:54:03 2016;1,325;23;1208,87
Fri Sep 30 02:54:08 2016;1,32639;23;1208,41
Fri Sep 30 02:54:13 2016;1,32778;26;1208,72
Fri Sep 30 02:54:18 2016;1,32917;27;1208,72
Fri Sep 30 02:54:23 2016;1,33056;25;1208,87
Fri Sep 30 02:54:28 2016;1,33194;25;1208,87
Fri Sep 30 02:54:33 2016;1,33333;26;1209,17
Fri Sep 30 02:54:38 2016;1,33472;25;1208,87
Fri Sep 30 02:54:43 2016;1,33611;23;1208,87
Fri Sep 30 02:54:48 2016;1,3375;24;1207,95
Fri Sep 30 02:54:53 2016;1,33889;27;1208,26
Fri Sep 30 02:54:58 2016;1,34028;24;1208,56
Fri Sep 30 02:55:03 2016;1,34167;27;1207,95
Fri Sep 30 02:55:08 2016;1,34306;26;1208,26
Fri Sep 30 02:55:13 2016;1,34444;27;1207,65
Fri Sep 30 02:55:18 2016;1,34583;27;1208,56
Fri Sep 30 02:55:23 2016;1,34722;27;1208,56
Fri Sep 30 02:55:28 2016;1,34861;23;1208,87
Fri Sep 30 02:55:33 2016;1,35;27;1208,26
Fri Sep 30 02:55:38 2016;1,35139;27;1208,72
Fri Sep 30 02:55:43 2016;1,35278;25;1207,65
Fri Sep 30 02:55:48 2016;1,35417;23;1208,11
Fri Sep 30 02:55:53 2016;1,35556;24;1208,41
Fri Sep 30 02:55:58 2016;1,35694;23;1208,87
Fri Sep 30 02:56:03 2016;1,35833;25;1208,72
Fri Sep 30 02:56:08 2016;1,35972;25;1208,87
Fri Sep 30 02:56:13 2016;1,36111;26;1209,02
Fri Sep 30 02:56:18 2016;1,3625;27;1209,17
Fri Sep 30 02:56:23 2016;1,36389;27;1208,72
Fri Sep 30 02:56:28 2016;1,36528;25;1208,41
Fri Sep 30 02:56:33 2016;1,36667;26;1208,87
Fri Sep 30 02:56:38 2016;1,36806;27;1208,56
Fri Sep 30 02:56:43 2016;1,36944;26;1209,02
Fri Sep 30 02:56:48 2016;1,37083;24;1208,41
Fri Sep 30 02:56:53 2016;1,37222;27;1208,26
Fri Sep 30 02:56:58 2016;1,37361;23;1208,41
Fri Sep 30 02:57:03 2016;1,375;27;1207,95
Fri Sep 30 02:57:08 2016;1,37639;25;1207,8
Fri Sep 30 02:57:13 2016;1,37778;26;1207,8
Fri Sep 30 02:57:18 2016;1,37917;23;1208,72
Fri Sep 30 02:57:23 2016;1,38056;27;1207,8
Fri Sep 30 02:57:28 2016;1,38194;26;1208,41
Fri Sep 30 02:57:33 2016;1,38333;25;1207,65
Fri Sep 30 02:57:38 2016;1,38472;26;1208,87
Fri Sep 30 02:57:43 2016;1,38611;24;1208,41
Fri Sep 30 02:57:48 2016;1,3875;24;1209,02
Fri Sep 30 02:57:53 2016;1,38889;25;1207,95
Fri Sep 30 02:57:58 2016;1,39028;23;1208,72
Fri Sep 30 02:58:03 2016;1,39167;25;1208,72
Fri Sep 30 02:58:08 2016;1,39306;25;1207,8
Fri Sep 30 02:58:13 2016;1,39444;23;1208,26
Fri Sep 30 02:58:18 2016;1,39583;23;1208,72
Fri Sep 30 02:58:23 2016;1,39722;25;1207,95
Fri Sep 30 02:58:28 2016;1,39861;24;1208,41
Fri Sep 30 02:58:33 2016;1,4;23;1207,8
Fri Sep 30 02:58:38 2016;1,40139;27;1208,11
Fri Sep 30 02:58:43 2016;1,40278;27;1208,56
Fri Sep 30 02:58:48 2016;1,40417;27;1207,95
Fri Sep 30 02:58:53 2016;1,40556;26;1207,95
Fri Sep 30 02:58:58 2016;1,40694;27;1208,41
Fri Sep 30 02:59:03 2016;1,40833;24;1208,26
Fri Sep 30 02:59:08 2016;1,40972;25;1207,95
Fri Sep 30 02:59:13 2016;1,41111;26;1208,26
Fri Sep 30 02:59:18 2016;1,4125;27;1207,95
Fri Sep 30 02:59:23 2016;1,41389;27;1207,65
Fri Sep 30 02:59:28 2016;1,41528;26;1207,8
Fri Sep 30 02:59:33 2016;1,41667;23;1208,72
Fri Sep 30 02:59:38 2016;1,41806;26;1207,8
Fri Sep 30 02:59:43 2016;1,41944;23;1207,8
Fri Sep 30 02:59:48 2016;1,42083;27;1208,41
Fri Sep 30 02:59:53 2016;1,42222;26;1208,56
Fri Sep 30 02:59:58 2016;1,42361;27;1208,56
Fri Sep 30 03:00:03 2016;1,425;25;1208,56
Fri Sep 30 03:00:08 2016;1,42639;24;1207,65
Fri Sep 30 03:00:13 2016;1,42778;26;1207,65
Fri Sep 30 03:00:18 2016;1,42917;27;1207,95
Fri Sep 30 03:00:23 2016;1,43056;25;1208,56
Fri Sep 30 03:00:28 2016;1,43194;24;1208,56
Fri Sep 30 03:00:33 2016;1,43333;23;1207,95
Fri Sep 30 03:00:38 2016;1,43472;23;1208,11
Fri Sep 30 03:00:43 2016;1,43611;26;1208,26
Fri Sep 30 03:00:48 2016;1,4375;23;1208,11
Fri Sep 30 03:00:53 2016;1,43889;23;1208,56
Fri Sep 30 03:00:58 2016;1,44028;23;1208,26
Fri Sep 30 03:01:03 2016;1,44167;25;1207,34
Fri Sep 30 03:01:08 2016;1,44306;23;1207,8
Fri Sep 30 03:01:13 2016;1,44444;23;1208,56
Fri Sep 30 03:01:18 2016;1,44583;25;1207,19
Fri Sep 30 03:01:23 2016;1,44722;23;1207,19
Fri Sep 30 03:01:28 2016;1,44861;27;1208,41
Fri Sep 30 03:01:33 2016;1,45;24;1207,34
Fri Sep 30 03:01:38 2016;1,45139;24;1207,65
Fri Sep 30 03:01:43 2016;1,45278;24;1207,8
Fri Sep 30 03:01:48 2016;1,45417;23;1208,11
Fri Sep 30 03:01:53 2016;1,45556;24;1207,8
Fri Sep 30 03:01:58 2016;1,45694;24;1208,26
Fri Sep 30 03:02:03 2016;1,45833;26;1207,5
Fri Sep 30 03:02:08 2016;1,45972;25;1207,34
Fri Sep 30 03:02:13 2016;1,46111;27;1207,5
Fri Sep 30 03:02:18 2016;1,4625;26;1208,56
Fri Sep 30 03:02:23 2016;1,46389;24;1208,26
Fri Sep 30 03:02:28 2016;1,46528;26;1207,65
Fri Sep 30 03:02:33 2016;1,46667;26;1208,56
Fri Sep 30 03:02:38 2016;1,46806;27;1208,41
Fri Sep 30 03:02:43 2016;1,46944;27;1208,26
Fri Sep 30 03:02:48 2016;1,47083;24;1207,95
Fri Sep 30 03:02:53 2016;1,47222;27;1207,5
Fri Sep 30 03:02:58 2016;1,47361;25;1207,95
Fri Sep 30 03:03:03 2016;1,475;25;1207,19
Fri Sep 30 03:03:08 2016;1,47639;23;1207,34
Fri Sep 30 03:03:13 2016;1,47778;26;1207,5
Fri Sep 30 03:03:18 2016;1,47917;24;1207,04
Fri Sep 30 03:03:23 2016;1,48056;24;1207,65
Fri Sep 30 03:03:28 2016;1,48194;26;1208,26
Fri Sep 30 03:03:33 2016;1,48333;25;1208,11
Fri Sep 30 03:03:38 2016;1,48472;26;1207,5
Fri Sep 30 03:03:43 2016;1,48611;27;1208,11
Fri Sep 30 03:03:48 2016;1,4875;25;1208,26
Fri Sep 30 03:03:53 2016;1,48889;23;1208,11
Fri Sep 30 03:03:58 2016;1,49028;27;1207,95
Fri Sep 30 03:04:03 2016;1,49167;25;1207,8
Fri Sep 30 03:04:08 2016;1,49306;25;1207,19
Fri Sep 30 03:04:13 2016;1,49444;24;1208,11
Fri Sep 30 03:04:18 2016;1,49583;27;1207,8
Fri Sep 30 03:04:23 2016;1,49722;25;1207,95
Fri Sep 30 03:04:28 2016;1,49861;25;1207,95
Fri Sep 30 03:04:33 2016;1,5;23;1208,56
Fri Sep 30 03:04:38 2016;1,50139;23;1208,11
Fri Sep 30 03:04:43 2016;1,50278;23;1207,8
Fri Sep 30 03:04:48 2016;1,50417;23;1207,95
Fri Sep 30 03:04:53 2016;1,50556;27;1208,11
Fri Sep 30 03:04:58 2016;1,50694;24;1207,8
Fri Sep 30 03:05:03 2016;1,50833;26;1207,95
Fri Sep 30 03:05:08 2016;1,50972;26;1207,95
Fri Sep 30 03:05:13 2016;1,51111;24;1207,65
Fri Sep 30 03:05:18 2016;1,5125;26;1208,11
Fri Sep 30 03:05:23 2016;1,51389;23;1207,95
Fri Sep 30 03:05:28 2016;1,51528;23;1207,8
Fri Sep 30 03:05:33 2016;1,51667;24;1207,5
Fri Sep 30 03:05:38 2016;1,51806;26;1207,5
Fri Sep 30 03:05:43 2016;1,51944;24;1207,95
Fri Sep 30 03:05:48 2016;1,52083;27;1207,95
Fri Sep 30 03:05:53 2016;1,52222;27;1207,65
Fri Sep 30 03:05:58 2016;1,52361;25;1207,34
Fri Sep 30 03:06:03 2016;1,525;26;1207,04
Fri Sep 30 03:06:08 2016;1,52639;24;1207,8
Fri Sep 30 03:06:13 2016;1,52778;23;1207,19
Fri Sep 30 03:06:18 2016;1,52917;25;1207,5
Fri Sep 30 03:06:23 2016;1,53056;27;1207,34
Fri Sep 30 03:06:28 2016;1,53194;24;1207,95
Fri Sep 30 03:06:33 2016;1,53333;24;1207,34
Fri Sep 30 03:06:38 2016;1,53472;24;1208,26
Fri Sep 30 03:06:43 2016;1,53611;26;1208,56
Fri Sep 30 03:06:48 2016;1,5375;26;1207,19
Fri Sep 30 03:06:53 2016;1,53889;23;1207,04
Fri Sep 30 03:06:58 2016;1,54028;24;1207,34
Fri Sep 30 03:07:03 2016;1,54167;23;1207,5
Fri Sep 30 03:07:08 2016;1,54306;24;1208,11
Fri Sep 30 03:07:13 2016;1,54444;24;1207,34
Fri Sep 30 03:07:18 2016;1,54583;23;1207,19
Fri Sep 30 03:07:23 2016;1,54722;24;1206,73
Fri Sep 30 03:07:28 2016;1,54861;24;1207,8
Fri Sep 30 03:07:33 2016;1,55;25;1208,26
Fri Sep 30 03:07:38 2016;1,55139;23;1207,95
Fri Sep 30 03:07:43 2016;1,55278;27;1207,04
Fri Sep 30 03:07:48 2016;1,55417;27;1207,5
Fri Sep 30 03:07:53 2016;1,55556;26;1206,88
Fri Sep 30 03:07:58 2016;1,55694;27;1207,34
Fri Sep 30 03:08:03 2016;1,55833;23;1207,34
Fri Sep 30 03:08:08 2016;1,55972;23;1206,88
Fri Sep 30 03:08:13 2016;1,56111;25;1207,65
Fri Sep 30 03:08:18 2016;1,5625;24;1207,65
Fri Sep 30 03:08:23 2016;1,56389;27;1207,65
Fri Sep 30 03:08:28 2016;1,56528;25;1208,26
Fri Sep 30 03:08:33 2016;1,56667;26;1207,5
Fri Sep 30 03:08:38 2016;1,56806;25;1207,34
Fri Sep 30 03:08:43 2016;1,56944;26;1206,73
Fri Sep 30 03:08:48 2016;1,57083;27;1207,8
Fri Sep 30 03:08:53 2016;1,57222;23;1206,88
Fri Sep 30 03:08:58 2016;1,57361;26;1207,19
Fri Sep 30 03:09:03 2016;1,575;24;1207,65
Fri Sep 30 03:09:08 2016;1,57639;25;1207,19
Fri Sep 30 03:09:13 2016;1,57778;27;1206,58
Fri Sep 30 03:09:18 2016;1,57917;23;1207,8
Fri Sep 30 03:09:23 2016;1,58056;23;1206,88
Fri Sep 30 03:09:28 2016;1,58194;23;1207,5
Fri Sep 30 03:09:33 2016;1,58333;24;1207,5
Fri Sep 30 03:09:38 2016;1,58472;24;1207,04
Fri Sep 30 03:09:43 2016;1,58611;24;1207,5
Fri Sep 30 03:09:48 2016;1,5875;26;1207,19
Fri Sep 30 03:09:53 2016;1,58889;25;1207,5
Fri Sep 30 03:09:58 2016;1,59028;25;1206,88
Fri Sep 30 03:10:03 2016;1,59167;27;1207,19
Fri Sep 30 03:10:08 2016;1,59306;23;1207,65
Fri Sep 30 03:10:13 2016;1,59444;26;1207,8
Fri Sep 30 03:10:18 2016;1,59583;27;1207,5
Fri Sep 30 03:10:23 2016;1,59722;27;1206,73
Fri Sep 30 03:10:28 2016;1,59861;25;1207,5
Fri Sep 30 03:10:33 2016;1,6;27;1207,34
Fri Sep 30 03:10:38 2016;1,60139;27;1207,19
Fri Sep 30 03:10:43 2016;1,60278;25;1207,5
Fri Sep 30 03:10:48 2016;1,60417;25;1207,19
Fri Sep 30 03:10:53 2016;1,60556;23;1206,88
Fri Sep 30 03:10:58 2016;1,60694;25;1207,5
Fri Sep 30 03:11:03 2016;1,60833;27;1207,34
Fri Sep 30 03:11:08 2016;1,60972;27;1207,65
Fri Sep 30 03:11:13 2016;1,61111;23;1207,5
Fri Sep 30 03:11:18 2016;1,6125;26;1207,65
Fri Sep 30 03:11:23 2016;1,61389;27;1207,65
Fri Sep 30 03:11:28 2016;1,61528;23;1207,04
Fri Sep 30 03:11:33 2016;1,61667;24;1207,5
Fri Sep 30 03:11:38 2016;1,61806;24;1207,04
Fri Sep 30 03:11:43 2016;1,61944;25;1207,8
Fri Sep 30 03:11:48 2016;1,62083;23;1207,5
Fri Sep 30 03:11:53 2016;1,62222;24;1206,73
Fri Sep 30 03:11:58 2016;1,62361;25;1207,8
Fri Sep 30 03:12:03 2016;1,625;24;1207,04
Fri Sep 30 03:12:08 2016;1,62639;26;1207,8
Fri Sep 30 03:12:13 2016;1,62778;26;1206,88
Fri Sep 30 03:12:18 2016;1,62917;25;1207,19
Fri Sep 30 03:12:23 2016;1,63056;24;1207,8
Fri Sep 30 03:12:28 2016;1,63194;24;1206,58
Fri Sep 30 03:12:33 2016;1,63333;23;1207,19
Fri Sep 30 03:12:38 2016;1,63472;24;1207,65
Fri Sep 30 03:12:43 2016;1,63611;24;1207,34
Fri Sep 30 03:12:48 2016;1,6375;27;1207,04
Fri Sep 30 03:12:53 2016;1,63889;23;1207,8
Fri Sep 30 03:12:58 2016;1,64028;23;1207,04
Fri Sep 30 03:13:03 2016;1,64167;24;1207,19
Fri Sep 30 03:13:08 2016;1,64306;23;1207,19
Fri Sep 30 03:13:13 2016;1,64444;27;1207,19
Fri Sep 30 03:13:18 2016;1,64583;26;1207,65
Fri Sep 30 03:13:23 2016;1,64722;25;1207,5
Fri Sep 30 03:13:28 2016;1,64861;23;1207,04
Fri Sep 30 03:13:33 2016;1,65;23;1207,34
Fri Sep 30 03:13:38 2016;1,65139;24;1207,65
Fri Sep 30 03:13:43 2016;1,65278;23;1206,73
Fri Sep 30 03:13:48 2016;1,65417;23;1207,8
Fri Sep 30 03:13:53 2016;1,65556;27;1207,19
Fri Sep 30 03:13:58 2016;1,65694;23;1207,5
Fri Sep 30 03:14:03 2016;1,65833;24;1207,04
Fri Sep 30 03:14:08 2016;1,65972;23;1207,5
Fri Sep 30 03:14:13 2016;1,66111;24;1206,88
Fri Sep 30 03:14:18 2016;1,6625;26;1207,65
Fri Sep 30 03:14:23 2016;1,66389;24;1207,19
Fri Sep 30 03:14:28 2016;1,66528;25;1207,04
Fri Sep 30 03:14:33 2016;1,66667;24;1207,04
Fri Sep 30 03:14:38 2016;1,66806;25;1207,19
Fri Sep 30 03:14:43 2016;1,66944;23;1207,19
Fri Sep 30 03:14:48 2016;1,67083;27;1206,88
Fri Sep 30 03:14:53 2016;1,67222;23;1207,65
Fri Sep 30 03:14:58 2016;1,67361;25;1207,34
Fri Sep 30 03:15:03 2016;1,675;23;1207,5
Fri Sep 30 03:15:08 2016;1,67639;24;1207,19
Fri Sep 30 03:15:13 2016;1,67778;27;1207,04
Fri Sep 30 03:15:18 2016;1,67917;24;1207,34
Fri Sep 30 03:15:23 2016;1,68056;23;1207,19
Fri Sep 30 03:15:28 2016;1,68194;27;1207,19
Fri Sep 30 03:15:33 2016;1,68333;25;1207,04
Fri Sep 30 03:15:38 2016;1,68472;24;1207,19
Fri Sep 30 03:15:43 2016;1,68611;23;1207,5
Fri Sep 30 03:15:48 2016;1,6875;25;1207,65
Fri Sep 30 03:15:53 2016;1,68889;23;1207,34
Fri Sep 30 03:15:58 2016;1,69028;25;1207,19
Fri Sep 30 03:16:03 2016;1,69167;25;1207,5
Fri Sep 30 03:16:08 2016;1,69306;24;1207,8
Fri Sep 30 03:16:13 2016;1,69444;26;1207,19
Fri Sep 30 03:16:18 2016;1,69583;26;1207,04
Fri Sep 30 03:16:23 2016;1,69722;25;1207,65
Fri Sep 30 03:16:28 2016;1,69861;26;1207,34
Fri Sep 30 03:16:33 2016;1,7;26;1207,19
Fri Sep 30 03:16:38 2016;1,70139;26;1207,5
Fri Sep 30 03:16:43 2016;1,70278;26;1206,88
Fri Sep 30 03:16:48 2016;1,70417;27;1207,04
Fri Sep 30 03:16:53 2016;1,70556;24;1208,87
Fri Sep 30 03:16:58 2016;1,70694;23;1207,34
Fri Sep 30 03:17:03 2016;1,70833;25;1207,65
Fri Sep 30 03:17:08 2016;1,70972;25;1207,65
Fri Sep 30 03:17:13 2016;1,71111;26;1207,04
Fri Sep 30 03:17:18 2016;1,7125;26;1207,19
Fri Sep 30 03:17:23 2016;1,71389;25;1207,19
Fri Sep 30 03:17:28 2016;1,71528;26;1207,19
Fri Sep 30 03:17:33 2016;1,71667;23;1207,19
Fri Sep 30 03:17:38 2016;1,71806;26;1207,5
Fri Sep 30 03:17:43 2016;1,71944;23;1207,34
Fri Sep 30 03:17:48 2016;1,72083;27;1207,34
Fri Sep 30 03:17:53 2016;1,72222;23;1207,65
Fri Sep 30 03:17:58 2016;1,72361;24;1207,5
Fri Sep 30 03:18:03 2016;1,725;27;1207,5
Fri Sep 30 03:18:08 2016;1,72639;25;1207,19
Fri Sep 30 03:18:13 2016;1,72778;25;1206,88
Fri Sep 30 03:18:18 2016;1,72917;23;1207,65
Fri Sep 30 03:18:23 2016;1,73056;27;1207,34
Fri Sep 30 03:18:28 2016;1,73194;26;1207,34
Fri Sep 30 03:18:33 2016;1,73333;25;1206,88
Fri Sep 30 03:18:38 2016;1,73472;25;1207,04
Fri Sep 30 03:18:43 2016;1,73611;27;1207,5
Fri Sep 30 03:18:48 2016;1,7375;24;1207,5
Fri Sep 30 03:18:53 2016;1,73889;24;1207,34
Fri Sep 30 03:18:58 2016;1,74028;24;1207,34
Fri Sep 30 03:19:03 2016;1,74167;27;1207,19
Fri Sep 30 03:19:08 2016;1,74306;27;1207,19
Fri Sep 30 03:19:13 2016;1,74444;27;1207,65
Fri Sep 30 03:19:18 2016;1,74583;26;1207,19
Fri Sep 30 03:19:23 2016;1,74722;27;1206,88
Fri Sep 30 03:19:28 2016;1,74861;24;1207,04
Fri Sep 30 03:19:33 2016;1,75;26;1207,04
Fri Sep 30 03:19:38 2016;1,75139;25;1207,04
Fri Sep 30 03:19:43 2016;1,75278;27;1207,8
Fri Sep 30 03:19:48 2016;1,75417;25;1207,19
Fri Sep 30 03:19:53 2016;1,75556;23;1207,19
Fri Sep 30 03:19:58 2016;1,75694;24;1207,5
Fri Sep 30 03:20:03 2016;1,75833;24;1207,19
Fri Sep 30 03:20:08 2016;1,75972;24;1207,5
Fri Sep 30 03:20:13 2016;1,76111;27;1207,8
Fri Sep 30 03:20:18 2016;1,7625;24;1207,04
Fri Sep 30 03:20:23 2016;1,76389;24;1207,34
Fri Sep 30 03:20:28 2016;1,76528;23;1207,5
Fri Sep 30 03:20:33 2016;1,76667;25;1207,34
Fri Sep 30 03:20:38 2016;1,76806;24;1207,65
Fri Sep 30 03:20:43 2016;1,76944;25;1207,65
Fri Sep 30 03:20:48 2016;1,77083;23;1207,04
Fri Sep 30 03:20:53 2016;1,77222;24;1207,8
Fri Sep 30 03:20:58 2016;1,77361;25;1207,34
Fri Sep 30 03:21:03 2016;1,775;26;1207,8
Fri Sep 30 03:21:08 2016;1,77639;26;1207,5
Fri Sep 30 03:21:13 2016;1,77778;23;1207,5
Fri Sep 30 03:21:18 2016;1,77917;26;1207,65
Fri Sep 30 03:21:23 2016;1,78056;23;1207,8
Fri Sep 30 03:21:28 2016;1,78194;24;1207,34
Fri Sep 30 03:21:33 2016;1,78333;23;1206,88
Fri Sep 30 03:21:38 2016;1,78472;27;1207,04
Fri Sep 30 03:21:43 2016;1,78611;24;1207,34
Fri Sep 30 03:21:48 2016;1,7875;23;1207,19
Fri Sep 30 03:21:53 2016;1,78889;26;1207,19
Fri Sep 30 03:21:58 2016;1,79028;23;1207,34
Fri Sep 30 03:22:03 2016;1,79167;24;1206,58
Fri Sep 30 03:22:08 2016;1,79306;25;1207,19
Fri Sep 30 03:22:13 2016;1,79444;25;1206,88
Fri Sep 30 03:22:18 2016;1,79583;23;1207,8
Fri Sep 30 03:22:23 2016;1,79722;27;1207,19
Fri Sep 30 03:22:28 2016;1,79861;26;1207,34
Fri Sep 30 03:22:33 2016;1,8;25;1207,04
Fri Sep 30 03:22:38 2016;1,80139;23;1207,19
Fri Sep 30 03:22:43 2016;1,80278;27;1207,65
Fri Sep 30 03:22:48 2016;1,80417;25;1207,65
Fri Sep 30 03:22:53 2016;1,80556;24;1207,65
Fri Sep 30 03:22:58 2016;1,80694;24;1207,19
Fri Sep 30 03:23:03 2016;1,80833;25;1207,19
Fri Sep 30 03:23:08 2016;1,80972;27;1207,8
Fri Sep 30 03:23:13 2016;1,81111;25;1207,5
Fri Sep 30 03:23:18 2016;1,8125;23;1207,19
Fri Sep 30 03:23:23 2016;1,81389;27;1206,27
Fri Sep 30 03:23:28 2016;1,81528;26;1207,5
Fri Sep 30 03:23:33 2016;1,81667;26;1207,19
Fri Sep 30 03:23:38 2016;1,81806;26;1206,73
Fri Sep 30 03:23:43 2016;1,81944;25;1207,34
Fri Sep 30 03:23:48 2016;1,82083;26;1207,65
Fri Sep 30 03:23:53 2016;1,82222;25;1207,19
Fri Sep 30 03:23:58 2016;1,82361;25;1207,34
Fri Sep 30 03:24:03 2016;1,825;27;1206,88
Fri Sep 30 03:24:08 2016;1,82639;25;1207,5
Fri Sep 30 03:24:13 2016;1,82778;25;1207,04
Fri Sep 30 03:24:18 2016;1,82917;24;1207,19
Fri Sep 30 03:24:23 2016;1,83056;25;1207,04
Fri Sep 30 03:24:28 2016;1,83194;23;1207,5
Fri Sep 30 03:24:33 2016;1,83333;24;1207,34
Fri Sep 30 03:24:38 2016;1,83472;27;1206,88
Fri Sep 30 03:24:43 2016;1,83611;25;1207,8
Fri Sep 30 03:24:48 2016;1,8375;27;1207,34
Fri Sep 30 03:24:53 2016;1,83889;23;1207,65
Fri Sep 30 03:24:58 2016;1,84028;24;1207,34
Fri Sep 30 03:25:03 2016;1,84167;25;1207,04
Fri Sep 30 03:25:08 2016;1,84306;25;1207,19
Fri Sep 30 03:25:13 2016;1,84444;25;1207,34
Fri Sep 30 03:25:18 2016;1,84583;25;1207,34
Fri Sep 30 03:25:23 2016;1,84722;23;1207,34
Fri Sep 30 03:25:28 2016;1,84861;26;1207,34
Fri Sep 30 03:25:33 2016;1,85;26;1206,73
Fri Sep 30 03:25:38 2016;1,85139;25;1207,65
Fri Sep 30 03:25:43 2016;1,85278;26;1206,73
Fri Sep 30 03:25:48 2016;1,85417;24;1206,73
Fri Sep 30 03:25:53 2016;1,85556;26;1206,43
Fri Sep 30 03:25:58 2016;1,85694;26;1207,5
Fri Sep 30 03:26:03 2016;1,85833;23;1207,34
Fri Sep 30 03:26:08 2016;1,85972;24;1207,65
Fri Sep 30 03:26:13 2016;1,86111;24;1207,34
Fri Sep 30 03:26:18 2016;1,8625;26;1207,34
Fri Sep 30 03:26:23 2016;1,86389;23;1206,43
Fri Sep 30 03:26:28 2016;1,86528;27;1207,04
Fri Sep 30 03:26:33 2016;1,86667;23;1207,34
Fri Sep 30 03:26:38 2016;1,86806;23;1207,04
Fri Sep 30 03:26:43 2016;1,86944;24;1207,04
Fri Sep 30 03:26:48 2016;1,87083;26;1206,88
Fri Sep 30 03:26:53 2016;1,87222;24;1206,58
Fri Sep 30 03:26:58 2016;1,87361;27;1206,73
Fri Sep 30 03:27:03 2016;1,875;26;1206,43
Fri Sep 30 03:27:08 2016;1,87639;26;1206,88
Fri Sep 30 03:27:13 2016;1,87778;26;1206,73
Fri Sep 30 03:27:18 2016;1,87917;24;1207,19
Fri Sep 30 03:27:23 2016;1,88056;25;1207,19
Fri Sep 30 03:27:28 2016;1,88194;26;1207,04
Fri Sep 30 03:27:33 2016;1,88333;26;1206,43
Fri Sep 30 03:27:38 2016;1,88472;23;1207,04
Fri Sep 30 03:27:43 2016;1,88611;24;1207,34
Fri Sep 30 03:27:48 2016;1,8875;23;1207,34
Fri Sep 30 03:27:53 2016;1,88889;26;1206,27
Fri Sep 30 03:27:58 2016;1,89028;24;1207,65
Fri Sep 30 03:28:03 2016;1,89167;27;1207,04
Fri Sep 30 03:28:08 2016;1,89306;25;1207,04
Fri Sep 30 03:28:13 2016;1,89444;27;1206,88
Fri Sep 30 03:28:18 2016;1,89583;25;1206,27
Fri Sep 30 03:28:23 2016;1,89722;27;1206,27
Fri Sep 30 03:28:28 2016;1,89861;26;1205,82
Fri Sep 30 03:28:33 2016;1,9;23;1206,43
Fri Sep 30 03:28:38 2016;1,90139;27;1206,43
Fri Sep 30 03:28:43 2016;1,90278;23;1207,19
Fri Sep 30 03:28:48 2016;1,90417;25;1206,73
Fri Sep 30 03:28:53 2016;1,90556;25;1207,19
Fri Sep 30 03:28:58 2016;1,90694;23;1206,12
Fri Sep 30 03:29:03 2016;1,90833;24;1206,73
Fri Sep 30 03:29:08 2016;1,90972;26;1205,97
Fri Sep 30 03:29:13 2016;1,91111;24;1206,27
Fri Sep 30 03:29:18 2016;1,9125;26;1207,19
Fri Sep 30 03:29:23 2016;1,91389;24;1206,27
Fri Sep 30 03:29:28 2016;1,91528;25;1205,51
Fri Sep 30 03:29:33 2016;1,91667;25;1206,43
Fri Sep 30 03:29:38 2016;1,91806;23;1206,58
Fri Sep 30 03:29:43 2016;1,91944;23;1207,5
Fri Sep 30 03:29:48 2016;1,92083;24;1207,19
Fri Sep 30 03:29:53 2016;1,92222;25;1207,5
Fri Sep 30 03:29:58 2016;1,92361;26;1207,04
Fri Sep 30 03:30:03 2016;1,925;23;1206,73
Fri Sep 30 03:30:08 2016;1,92639;23;1207,5
Fri Sep 30 03:30:13 2016;1,92778;27;1207,04
Fri Sep 30 03:30:18 2016;1,92917;24;1207,65
Fri Sep 30 03:30:23 2016;1,93056;24;1206,88
Fri Sep 30 03:30:28 2016;1,93194;26;1206,88
Fri Sep 30 03:30:33 2016;1,93333;26;1205,82
Fri Sep 30 03:30:38 2016;1,93472;23;1206,88
Fri Sep 30 03:30:43 2016;1,93611;23;1206,27
Fri Sep 30 03:30:48 2016;1,9375;25;1206,88
Fri Sep 30 03:30:53 2016;1,93889;25;1206,58
Fri Sep 30 03:30:58 2016;1,94028;27;1207,04
Fri Sep 30 03:31:03 2016;1,94167;24;1206,88
Fri Sep 30 03:31:08 2016;1,94306;26;1206,58
Fri Sep 30 03:31:13 2016;1,94444;27;1206,58
Fri Sep 30 03:31:18 2016;1,94583;24;1207,19
Fri Sep 30 03:31:23 2016;1,94722;23;1207,04
Fri Sep 30 03:31:28 2016;1,94861;24;1206,73
Fri Sep 30 03:31:33 2016;1,95;25;1206,43
Fri Sep 30 03:31:38 2016;1,95139;25;1207,19
Fri Sep 30 03:31:43 2016;1,95278;23;1207,04
Fri Sep 30 03:31:48 2016;1,95417;26;1206,88
Fri Sep 30 03:31:53 2016;1,95556;24;1207,04
Fri Sep 30 03:31:58 2016;1,95694;25;1207,04
Fri Sep 30 03:32:03 2016;1,95833;23;1206,88
Fri Sep 30 03:32:08 2016;1,95972;26;1207,5
Fri Sep 30 03:32:13 2016;1,96111;25;1206,73
Fri Sep 30 03:32:18 2016;1,9625;24;1207,34
Fri Sep 30 03:32:23 2016;1,96389;27;1206,43
Fri Sep 30 03:32:28 2016;1,96528;23;1207,19
Fri Sep 30 03:32:33 2016;1,96667;23;1206,27
Fri Sep 30 03:32:38 2016;1,96806;27;1206,88
Fri Sep 30 03:32:43 2016;1,96944;23;1206,43
Fri Sep 30 03:32:48 2016;1,97083;27;1206,73
Fri Sep 30 03:32:53 2016;1,97222;24;1207,04
Fri Sep 30 03:32:58 2016;1,97361;25;1207,04
Fri Sep 30 03:33:03 2016;1,975;25;1206,88
Fri Sep 30 03:33:08 2016;1,97639;27;1206,88
Fri Sep 30 03:33:13 2016;1,97778;25;1206,58
Fri Sep 30 03:33:18 2016;1,97917;26;1206,43
Fri Sep 30 03:33:23 2016;1,98056;25;1207,04
Fri Sep 30 03:33:28 2016;1,98194;23;1207,34
Fri Sep 30 03:33:33 2016;1,98333;26;1207,04
Fri Sep 30 03:33:38 2016;1,98472;26;1206,43
Fri Sep 30 03:33:43 2016;1,98611;26;1206,73
Fri Sep 30 03:33:48 2016;1,9875;25;1206,27
Fri Sep 30 03:33:53 2016;1,98889;23;1206,73
Fri Sep 30 03:33:58 2016;1,99028;27;1206,58
Fri Sep 30 03:34:03 2016;1,99167;27;1206,58
Fri Sep 30 03:34:08 2016;1,99306;25;1206,88
Fri Sep 30 03:34:13 2016;1,99444;25;1206,43
Fri Sep 30 03:34:18 2016;1,99583;27;1206,12
Fri Sep 30 03:34:23 2016;1,99722;23;1206,43
Fri Sep 30 03:34:28 2016;1,99861;26;1206,12
Fri Sep 30 03:34:33 2016;2;25;1206,58
Fri Sep 30 03:34:38 2016;2,00139;24;1206,88
Fri Sep 30 03:34:43 2016;2,00278;24;1206,12
Fri Sep 30 03:34:48 2016;2,00417;23;1206,12
Fri Sep 30 03:34:53 2016;2,00556;26;1206,27
Fri Sep 30 03:34:58 2016;2,00694;24;1206,73
Fri Sep 30 03:35:03 2016;2,00833;23;1206,58
Fri Sep 30 03:35:08 2016;2,00972;26;1206,27
Fri Sep 30 03:35:13 2016;2,01111;24;1206,73
Fri Sep 30 03:35:18 2016;2,0125;24;1206,58
Fri Sep 30 03:35:23 2016;2,01389;26;1205,97
Fri Sep 30 03:35:28 2016;2,01528;26;1205,66
Fri Sep 30 03:35:33 2016;2,01667;26;1206,27
Fri Sep 30 03:35:38 2016;2,01806;24;1205,82
Fri Sep 30 03:35:43 2016;2,01944;25;1206,58
Fri Sep 30 03:35:48 2016;2,02083;23;1206,43
Fri Sep 30 03:35:53 2016;2,02222;23;1206,27
Fri Sep 30 03:35:58 2016;2,02361;23;1206,73
Fri Sep 30 03:36:03 2016;2,025;24;1205,97
Fri Sep 30 03:36:08 2016;2,02639;26;1205,66
Fri Sep 30 03:36:13 2016;2,02778;27;1206,12
Fri Sep 30 03:36:18 2016;2,02917;27;1206,12
Fri Sep 30 03:36:23 2016;2,03056;24;1206,12
Fri Sep 30 03:36:28 2016;2,03194;27;1206,58
Fri Sep 30 03:36:33 2016;2,03333;27;1206,43
Fri Sep 30 03:36:38 2016;2,03472;23;1205,82
Fri Sep 30 03:36:43 2016;2,03611;24;1206,43
Fri Sep 30 03:36:48 2016;2,0375;24;1205,82
Fri Sep 30 03:36:53 2016;2,03889;23;1206,27
Fri Sep 30 03:36:58 2016;2,04028;25;1205,66
Fri Sep 30 03:37:03 2016;2,04167;23;1206,27
Fri Sep 30 03:37:08 2016;2,04306;25;1205,82
Fri Sep 30 03:37:13 2016;2,04444;27;1205,66
Fri Sep 30 03:37:18 2016;2,04583;25;1206,58
Fri Sep 30 03:37:23 2016;2,04722;25;1206,27
Fri Sep 30 03:37:28 2016;2,04861;26;1205,82
Fri Sep 30 03:37:33 2016;2,05;27;1205,82
Fri Sep 30 03:37:38 2016;2,05139;26;1206,27
Fri Sep 30 03:37:43 2016;2,05278;25;1205,82
Fri Sep 30 03:37:48 2016;2,05417;23;1205,97
Fri Sep 30 03:37:53 2016;2,05556;27;1206,43
Fri Sep 30 03:37:58 2016;2,05694;24;1206,27
Fri Sep 30 03:38:03 2016;2,05833;26;1206,88
Fri Sep 30 03:38:08 2016;2,05972;25;1206,73
Fri Sep 30 03:38:13 2016;2,06111;25;1206,43
Fri Sep 30 03:38:18 2016;2,0625;24;1206,12
Fri Sep 30 03:38:23 2016;2,06389;26;1205,36
Fri Sep 30 03:38:28 2016;2,06528;25;1206,27
Fri Sep 30 03:38:33 2016;2,06667;24;1206,88
Fri Sep 30 03:38:38 2016;2,06806;27;1206,58
Fri Sep 30 03:38:43 2016;2,06944;24;1206,73
Fri Sep 30 03:38:48 2016;2,07083;23;1205,97
Fri Sep 30 03:38:53 2016;2,07222;27;1205,82
Fri Sep 30 03:38:58 2016;2,07361;25;1206,43
Fri Sep 30 03:39:03 2016;2,075;23;1205,66
Fri Sep 30 03:39:08 2016;2,07639;27;1206,43
Fri Sep 30 03:39:13 2016;2,07778;26;1205,97
Fri Sep 30 03:39:18 2016;2,07917;25;1206,27
Fri Sep 30 03:39:23 2016;2,08056;23;1206,43
Fri Sep 30 03:39:28 2016;2,08194;26;1205,97
Fri Sep 30 03:39:33 2016;2,08333;27;1205,97
Fri Sep 30 03:39:38 2016;2,08472;24;1206,27
Fri Sep 30 03:39:43 2016;2,08611;24;1205,97
Fri Sep 30 03:39:48 2016;2,0875;27;1206,12
Fri Sep 30 03:39:53 2016;2,08889;26;1206,12
Fri Sep 30 03:39:58 2016;2,09028;27;1206,73
Fri Sep 30 03:40:03 2016;2,09167;26;1205,97
Fri Sep 30 03:40:08 2016;2,09306;25;1205,66
Fri Sep 30 03:40:13 2016;2,09444;25;1206,73
Fri Sep 30 03:40:18 2016;2,09583;23;1206,88
Fri Sep 30 03:40:23 2016;2,09722;26;1205,82
Fri Sep 30 03:40:28 2016;2,09861;25;1205,21
Fri Sep 30 03:40:33 2016;2,1;24;1206,73
Fri Sep 30 03:40:38 2016;2,10139;24;1206,73
Fri Sep 30 03:40:43 2016;2,10278;23;1206,27
Fri Sep 30 03:40:48 2016;2,10417;27;1206,12
Fri Sep 30 03:40:53 2016;2,10556;26;1206,12
Fri Sep 30 03:40:58 2016;2,10694;26;1205,51
Fri Sep 30 03:41:03 2016;2,10833;25;1205,66
Fri Sep 30 03:41:08 2016;2,10972;23;1205,21
Fri Sep 30 03:41:13 2016;2,11111;26;1205,82
Fri Sep 30 03:41:18 2016;2,1125;26;1205,82
Fri Sep 30 03:41:23 2016;2,11389;23;1206,43
Fri Sep 30 03:41:28 2016;2,11528;25;1206,12
Fri Sep 30 03:41:33 2016;2,11667;24;1205,82
Fri Sep 30 03:41:38 2016;2,11806;23;1206,58
Fri Sep 30 03:41:43 2016;2,11944;24;1206,88
Fri Sep 30 03:41:48 2016;2,12083;27;1205,66
Fri Sep 30 03:41:53 2016;2,12222;25;1205,97
Fri Sep 30 03:41:58 2016;2,12361;25;1206,27
Fri Sep 30 03:42:03 2016;2,125;26;1206,27
Fri Sep 30 03:42:08 2016;2,12639;25;1205,51
Fri Sep 30 03:42:13 2016;2,12778;26;1206,27
Fri Sep 30 03:42:18 2016;2,12917;23;1205,97
Fri Sep 30 03:42:23 2016;2,13056;25;1206,27
Fri Sep 30 03:42:28 2016;2,13194;25;1205,82
Fri Sep 30 03:42:33 2016;2,13333;27;1206,43
Fri Sep 30 03:42:38 2016;2,13472;24;1205,82
Fri Sep 30 03:42:43 2016;2,13611;27;1206,27
Fri Sep 30 03:42:48 2016;2,1375;25;1205,21
Fri Sep 30 03:42:53 2016;2,13889;24;1205,66
Fri Sep 30 03:42:58 2016;2,14028;25;1206,12
Fri Sep 30 03:43:03 2016;2,14167;27;1205,36
Fri Sep 30 03:43:08 2016;2,14306;26;1205,36
Fri Sep 30 03:43:13 2016;2,14444;27;1205,82
Fri Sep 30 03:43:18 2016;2,14583;23;1205,82
Fri Sep 30 03:43:23 2016;2,14722;26;1205,97
Fri Sep 30 03:43:28 2016;2,14861;25;1205,97
Fri Sep 30 03:43:33 2016;2,15;26;1205,97
Fri Sep 30 03:43:38 2016;2,15139;23;1205,97
Fri Sep 30 03:43:43 2016;2,15278;25;1205,66
Fri Sep 30 03:43:48 2016;2,15417;25;1205,36
Fri Sep 30 03:43:53 2016;2,15556;27;1205,51
Fri Sep 30 03:43:58 2016;2,15694;26;1205,97
Fri Sep 30 03:44:03 2016;2,15833;23;1205,66
Fri Sep 30 03:44:08 2016;2,15972;23;1205,21
Fri Sep 30 03:44:13 2016;2,16111;27;1205,51
Fri Sep 30 03:44:18 2016;2,1625;25;1205,82
Fri Sep 30 03:44:23 2016;2,16389;23;1205,97
Fri Sep 30 03:44:28 2016;2,16528;25;1205,97
Fri Sep 30 03:44:33 2016;2,16667;27;1205,97
Fri Sep 30 03:44:38 2016;2,16806;26;1205,66
Fri Sep 30 03:44:43 2016;2,16944;23;1206,27
Fri Sep 30 03:44:48 2016;2,17083;26;1206,12
Fri Sep 30 03:44:53 2016;2,17222;26;1205,36
Fri Sep 30 03:44:58 2016;2,17361;25;1206,12
Fri Sep 30 03:45:03 2016;2,175;24;1206,27
Fri Sep 30 03:45:08 2016;2,17639;26;1205,82
Fri Sep 30 03:45:13 2016;2,17778;26;1205,66
Fri Sep 30 03:45:18 2016;2,17917;23;1206,12
Fri Sep 30 03:45:23 2016;2,18056;23;1206,12
Fri Sep 30 03:45:28 2016;2,18194;23;1205,82
Fri Sep 30 03:45:33 2016;2,18333;26;1205,97
Fri Sep 30 03:45:38 2016;2,18472;23;1206,12
Fri Sep 30 03:45:43 2016;2,18611;27;1205,82
Fri Sep 30 03:45:48 2016;2,1875;25;1206,27
Fri Sep 30 03:45:53 2016;2,18889;23;1205,97
Fri Sep 30 03:45:58 2016;2,19028;25;1205,97
Fri Sep 30 03:46:03 2016;2,19167;23;1205,66
Fri Sep 30 03:46:08 2016;2,19306;27;1206,27
Fri Sep 30 03:46:13 2016;2,19444;26;1206,43
Fri Sep 30 03:46:18 2016;2,19583;25;1205,66
Fri Sep 30 03:46:23 2016;2,19722;24;1206,12
Fri Sep 30 03:46:28 2016;2,19861;26;1205,82
Fri Sep 30 03:46:33 2016;2,2;24;1205,97
Fri Sep 30 03:46:38 2016;2,20139;24;1205,97
Fri Sep 30 03:46:43 2016;2,20278;26;1205,97
Fri Sep 30 03:46:48 2016;2,20417;23;1206,43
Fri Sep 30 03:46:53 2016;2,20556;26;1206,43
Fri Sep 30 03:46:58 2016;2,20694;27;1205,51
Fri Sep 30 03:47:03 2016;2,20833;25;1205,66
Fri Sep 30 03:47:08 2016;2,20972;26;1205,66
Fri Sep 30 03:47:13 2016;2,21111;25;1206,12
Fri Sep 30 03:47:18 2016;2,2125;25;1206,12
Fri Sep 30 03:47:23 2016;2,21389;25;1206,12
Fri Sep 30 03:47:28 2016;2,21528;24;1205,97
Fri Sep 30 03:47:33 2016;2,21667;23;1206,12
Fri Sep 30 03:47:38 2016;2,21806;26;1206,27
Fri Sep 30 03:47:43 2016;2,21944;27;1206,12
Fri Sep 30 03:47:48 2016;2,22083;27;1206,43
Fri Sep 30 03:47:53 2016;2,22222;27;1206,27
Fri Sep 30 03:47:58 2016;2,22361;23;1205,66
Fri Sep 30 03:48:03 2016;2,225;23;1205,97
Fri Sep 30 03:48:08 2016;2,22639;25;1206,12
Fri Sep 30 03:48:13 2016;2,22778;24;1205,82
Fri Sep 30 03:48:18 2016;2,22917;27;1206,27
Fri Sep 30 03:48:23 2016;2,23056;27;1205,82
Fri Sep 30 03:48:28 2016;2,23194;25;1205,97
Fri Sep 30 03:48:33 2016;2,23333;25;1206,27
Fri Sep 30 03:48:38 2016;2,23472;27;1205,82
Fri Sep 30 03:48:43 2016;2,23611;25;1205,97
Fri Sep 30 03:48:48 2016;2,2375;23;1205,97
Fri Sep 30 03:48:53 2016;2,23889;25;1205,66
Fri Sep 30 03:48:58 2016;2,24028;26;1206,27
Fri Sep 30 03:49:03 2016;2,24167;27;1205,97
Fri Sep 30 03:49:08 2016;2,24306;26;1206,12
Fri Sep 30 03:49:13 2016;2,24444;23;1205,97
Fri Sep 30 03:49:18 2016;2,24583;26;1205,97
Fri Sep 30 03:49:23 2016;2,24722;27;1205,82
Fri Sep 30 03:49:28 2016;2,24861;27;1205,66
Fri Sep 30 03:49:33 2016;2,25;25;1206,12
Fri Sep 30 03:49:38 2016;2,25139;25;1206,12
Fri Sep 30 03:49:43 2016;2,25278;26;1206,27
Fri Sep 30 03:49:48 2016;2,25417;23;1206,27
Fri Sep 30 03:49:53 2016;2,25556;23;1206,27
Fri Sep 30 03:49:58 2016;2,25694;23;1205,66
Fri Sep 30 03:50:03 2016;2,25833;24;1205,82
Fri Sep 30 03:50:08 2016;2,25972;23;1206,12
Fri Sep 30 03:50:13 2016;2,26111;27;1205,51
Fri Sep 30 03:50:18 2016;2,2625;24;1206,27
Fri Sep 30 03:50:23 2016;2,26389;23;1205,82
Fri Sep 30 03:50:28 2016;2,26528;26;1205,66
Fri Sep 30 03:50:33 2016;2,26667;25;1206,27
Fri Sep 30 03:50:38 2016;2,26806;23;1206,12
Fri Sep 30 03:50:43 2016;2,26944;23;1205,97
Fri Sep 30 03:50:48 2016;2,27083;26;1205,82
Fri Sep 30 03:50:53 2016;2,27222;23;1205,97
Fri Sep 30 03:50:58 2016;2,27361;23;1206,43
Fri Sep 30 03:51:03 2016;2,275;24;1205,66
Fri Sep 30 03:51:08 2016;2,27639;25;1206,27
Fri Sep 30 03:51:13 2016;2,27778;23;1205,82
Fri Sep 30 03:51:18 2016;2,27917;26;1206,27
Fri Sep 30 03:51:23 2016;2,28056;26;1206,27
Fri Sep 30 03:51:28 2016;2,28194;25;1206,12
Fri Sep 30 03:51:33 2016;2,28333;24;1206,12
Fri Sep 30 03:51:38 2016;2,28472;25;1206,43
Fri Sep 30 03:51:43 2016;2,28611;24;1205,82
Fri Sep 30 03:51:48 2016;2,2875;25;1206,12
Fri Sep 30 03:51:53 2016;2,28889;23;1205,66
Fri Sep 30 03:51:58 2016;2,29028;24;1205,51
Fri Sep 30 03:52:03 2016;2,29167;25;1205,51
Fri Sep 30 03:52:08 2016;2,29306;25;1205,66
Fri Sep 30 03:52:13 2016;2,29444;26;1206,12
Fri Sep 30 03:52:18 2016;2,29583;23;1205,97
Fri Sep 30 03:52:23 2016;2,29722;25;1205,82
Fri Sep 30 03:52:28 2016;2,29861;26;1206,27
Fri Sep 30 03:52:33 2016;2,3;24;1205,82
Fri Sep 30 03:52:38 2016;2,30139;27;1205,97
Fri Sep 30 03:52:43 2016;2,30278;27;1205,66
Fri Sep 30 03:52:48 2016;2,30417;24;1205,66
Fri Sep 30 03:52:53 2016;2,30556;23;1205,51
Fri Sep 30 03:52:58 2016;2,30694;27;1206,12
Fri Sep 30 03:53:03 2016;2,30833;27;1205,97
Fri Sep 30 03:53:08 2016;2,30972;25;1206,12
Fri Sep 30 03:53:13 2016;2,31111;23;1205,97
Fri Sep 30 03:53:18 2016;2,3125;23;1205,82
Fri Sep 30 03:53:23 2016;2,31389;24;1205,66
Fri Sep 30 03:53:28 2016;2,31528;23;1206,12
Fri Sep 30 03:53:33 2016;2,31667;23;1206,12
Fri Sep 30 03:53:38 2016;2,31806;25;1206,12
Fri Sep 30 03:53:43 2016;2,31944;26;1205,05
Fri Sep 30 03:53:48 2016;2,32083;24;1205,97
Fri Sep 30 03:53:53 2016;2,32222;23;1205,97
Fri Sep 30 03:53:58 2016;2,32361;25;1206,27
Fri Sep 30 03:54:03 2016;2,325;27;1206,27
Fri Sep 30 03:54:08 2016;2,32639;25;1205,36
Fri Sep 30 03:54:13 2016;2,32778;27;1205,51
Fri Sep 30 03:54:18 2016;2,32917;24;1205,82
